track_id,track_name,track_artist,lyrics,track_popularity,track_album_id,track_album_name,track_album_release_date,playlist_name,playlist_id,playlist_genre,playlist_subgenre,danceability,energy,key,loudness,mode,speechiness,acousticness,instrumentalness,liveness,valence,tempo,duration_ms,language
06UXtRLTF6kdMSM3uaVCCU,In Only Seven Days - Remastered 2011,Queen,"Monday Start of my holiday Freedom for just one week Feels good to get away Ooh, ooh Tuesday Saw her down on the beach I stood and watched a while And she looked and smiled at me Wednesday, I didn't see her I hoped that she'd be back tomorrow And then on Thursday My luck had changed She stood there all alone I went and asked her name I never thought that this could happen to me In only seven days It would take a hundred or more For memories to fade I wish Friday Would last forever I held her close to me I couldn't bear to leave her there Saturday Just twenty-four hours Oh no, I'm going back home on Sunday I'm so sad Alone",40,2yuTRGIackbcReLUXOYBqU,Jazz (2011 Remaster),1978-11-10,The Queen - La Discografia Completa,3E88dLx4fgFYY70gdGzdnB,rock,album rock,0.517,0.469,2.0,-7.148,1.0,0.0306,0.4270000000000001,1.96e-06,0.128,0.409,115.076,149253.0,en
02DurCgOvDdX0uKEjqcl3W,Who Are You,The Who,"Who are you? Who, who, who, who? Who are you? Who, who, who, who? Who are you? Who, who, who, who? Who are you? Who, who, who, who? I woke up in a Soho doorway A policeman knew my name He said ""You can go sleep at home tonight If you can get up and walk away""I staggered back to the underground And the breeze blew back my hair I remember throwing punches around And preaching from my chair Well, who are you? (Who are you? Who, who, who, who?) I really want to know (Who are you? Who, who, who, who?) Tell me who are you? (Who are you? Who, who, who, who?) Because I really want to know (Who are you? Who, who, who, who?) I took the tube back out of town Back to the Rolling Pin I felt a little like a dying clown With a streak of Rin Tin Tin I stretched back and I hiccupped And looked back on my busy day Eleven hours in the Tin Pan God, there's got to be another way Oh wa oh wa oh wa oh wa Well, who are you? (Who are you? Who, who, who, who?) Oh, who are you? (Who are you? Who, who, who, who?) Come on tell me who are you? (Who are you? Who, who, who, who?) Oh, who the fuck are you? (Who are you? Who, who, who, who?) Who are you? Ooh wa ooh wa ooh wa ooh wa ooh Ooh wa ooh wa ooh wa ooh wa ooh Ooh wa ooh wa ooh wa ooh wa ooh Ooh wa ooh wa ooh wa ooh wa ooh Ooh wa ooh wa ooh wa ooh wa ooh Ooh wa ooh wa ooh wa ooh wa ooh Who are you? Who, who, who, who? Who are you? Who, who, who, who? Who are you? Who, who, who, who? Who  are you? Who, who, who, who? I really want to know (Who are you? Who, who, who, who?) I really want to know (Who are you? Who, who, who, who?) Come on tell me who are you? (Who are you? Who, who, who, who?) Because I really want to know (Who are you? Who, who, who, who?) I know there's a place you walked Where love falls from the trees My heart is like a broken cup I only feel right on my knees I spit out like a sewer hole Yet still receive your kiss How can I measure up to anyone now After such a love as this? Well, who are you? (Who are you? Who, who, who, who?) Tell me whoa are you(Who are you? Who, who, who, who?) Oh, I really want to know (Who are you? Who, who, who, who?) Tell me, tell me, who are you? (Who are you? Who, who, who, who?) Come on, come on, who? (Who are you? Who, who, who, who?) Oh, who the fuck are you? (Who are you? Who, who, who, who?) Who are you? (Who are you? Who, who, who, who?) Oh, tell me who are you (Who are you? Who, who, who, who?) I really wanna know Oh, I really wanna know Come on tell me, who are you, you, you, you? Who are you?",12,2Qq60yedIbueTu5Sgn2bfL,Who Are You,1978-08-18,Classic Rock Drive,37i9dQZF1DXdOEFt9ZX0dh,rock,classic rock,0.653,0.631,9.0,-11.334,1.0,0.0461,0.299,0.00265,0.0627,0.516,156.32,381627.0,en
6H0AwSQ20mo62jGlPGB8S6,It's A Vibe,2 Chainz,"Yeah, hahaha Yeah, ooh M-M-M-Murda Yah That's a vibe (that's a vibe) She wanna vibe, yeah (wanna vibe) That's a vibe (that's a vibe) Yeah, uh (that's a vibe) That's a vibe (that's a vibe) It's a vibe (it's a vibe) That's a vibe, yeah (that's a vibe) Yeah, yeah (that's a vibe) Oh that's a vibe (that's a vibe) Oh it's a vibe (it's a vibe) That's a vibe (that's a vibe, that's a vibe, yeah, yeah) That's a vibe (that's a vibe) She wanna vibe, yeah (wanna vibe) That's a vibe, yeah Yeah, yeah Yeah, that's a vibe She wanna vibe That's a vibe This shit vibe, yeah, yeah Late night Oh it's a vibe Let me slide Oh it's a vibe, yeah, yeah Dim the lights Oh it's a vibe, yeah Get high It's a vibe, oh it's a vibe, yeah It's a vibe Don't you like? Your pussy drippin' Gushin', drippin' down your thighs It's a vibe Get high Diggin' deep while I'm lookin' in your eyes Vibe is the realest I know you feel it (yah) It's a vibe (vibe) Different vibe This my vibe, nigga All the bitches like it Okay, so I got the ambiance just where I want it (yeah) And if you get paid, it's solely based on your performance (TRU) My ego is enormous like my crib in California (hmm) If you ain't got no heart, man you gonna need a donor Now I said I'm from the corner of the ATL (yah) Where we got that clientele, avoid paper trails (right) Broke so many bales down that I'm shell shocked (bow) I held Glocks, sold rocks by the mailbox (ooh) Got a vibe, make a yellow chick turn her neck (alright) Got a vibe, make a cougar wanna spend a check (check) Got a vibe, make an Asian want hibachi (hibachi) Got a vibe, make Italian want Versace (Versace) Carbon copies get declined, I'm the pioneer Beat that pussy up, I need riot gear Any volunteers? Gas in a Ziploc, now that's loud and clear This one outta here, this is our year That's a vibe That's a vibe That's a vibe Oh that's a vibe, yeah, yeah That's a vibe It's a vibe It's a vibe That's a vibe, yeah, yeah It's a vibe Am I your type? Pussy tight Maybe I'll spend the night, yeah, yeah That's a vibe Bust it, bust it wide This the type of shit I like, yeah, yeah That's a vibe It's a vibe That's a vibe Oh it's a vibe, yeah, yeah It's a vibe, yeah, yeah, yeah Yeah, hahaha Yeah, ooh M-M-M-Murda Yah That's a vibe (that's a vibe) She wanna vibe, yeah (wanna vibe) That's a vibe (that's a vibe) Yeah, uh (that's a vibe) That's a vibe (that's a vibe) It's a vibe (it's a vibe) That's a vibe, yeah (that's a vibe) Yeah, yeah (that's a vibe) Oh that's a vibe (that's a vibe) Oh it's a vibe (it's a vibe) That's a vibe (that's a vibe, that's a vibe, yeah, yeah) That's a vibe (that's a vibe) She wanna vibe, yeah (wanna vibe) That's a vibe, yeah Yeah, yeah Yeah, that's a vibe She wanna vibe That's a vibe This shit vibe, yeah, yeah Late night Oh it's a vibe Let me slide Oh it's a vibe, yeah, yeah Dim the lights Oh it's a vibe, yeah Get high It's a vibe, oh it's a vibe, yeah It's a vibe Don't you like? Your pussy drippin' Gushin', drippin' down your thighs It's a vibe Get high Diggin' deep while I'm lookin' in your eyes Vibe is the realest I know you feel it (yah) It's a vibe (vibe) Different vibe This my vibe, nigga All the bitches like it Okay, so I got the ambiance just where I want it (yeah) And if you get paid, it's solely based on your performance (TRU) My ego is enormous like my crib in California (hmm) If you ain't got no heart, man you gonna need a donor Now I said I'm from the corner of the ATL (yah) Where we got that clientele, avoid paper trails (right) Broke so many bales down that I'm shell shocked (bow) I held Glocks, sold rocks by the mailbox (ooh) Got a vibe, make a yellow chick turn her neck (alright) Got a vibe, make a cougar wanna spend a check (check) Got a vibe, make an Asian want hibachi (hibachi) Got a vibe, make Italian want Versace (Versace) Carbon copies get declined, I'm the pioneer Beat that pussy up, I need riot gear Any volunteers? Gas in a Ziploc, now that's loud and clear This one outta here, this is our year That's a vibe That's a vibe That's a vibe Oh that's a vibe, yeah, yeah That's a vibe It's a vibe It's a vibe That's a vibe, yeah, yeah It's a vibe Am I your type? Pussy tight Maybe I'll spend the night, yeah, yeah That's a vibe Bust it, bust it wide This the type of shit I like, yeah, yeah That's a vibe It's a vibe That's a vibe Oh it's a vibe, yeah, yeah It's a vibe, yeah, yeah, yeah",74,5vvvo79z68vWj9yimoygfS,Pretty Girls Like Trap Music,2017-06-16,Hip Hop Controller,37i9dQZF1DWT5MrZnPU1zD,rap,hip hop,0.8220000000000001,0.505,7.0,-7.383999999999999,1.0,0.147,0.0317,0.000911,0.114,0.523,73.003,210200.0,en
5e0vgBWfwToyphURwynSXa,Run Away With Me,Carly Rae Jepsen,"You're stuck in my head Stuck on my heart Stuck in my body, body I wanna go Get outta here I'm sick of the party, party I'd run away I'd run away with you, ooh This is the part You gotta say All that you're feeling, feeling Packing a bag Leaving tonight While everyone's sleeping, sleeping Let's run away I'll run away with you, ooh 'Cause you make me feel like I could be driving you all night And I'll find your lips in the streetlights I wanna be there with you, ooh Baby, take me to the feeling I'll be your sinner in secret When the lights go out Run away with me, run away with me Baby, every single minute I'll be your hero and win it When the lights go out Run away with me, run away with me Up in the clouds High as a kite Over the city, city We never sleep We never try When you are with me, with me I wanna stay I wanna stay here with you, ooh 'Cause you make me feel like I could be driving you all night And I'll find your lips in the streetlights I wanna be there with you, ooh Baby, take me to the feeling I'll be your sinner in secret When the lights go out Run away with me, run away with me Baby, every single minute I'll be your hero and win it When the lights go out Run away with me, run away with me Hold on to me, I never wanna let you go, ooh Over the weekend, we could turn the world to gold, ooh Hold on to me, I never wanna let you go, ooh Over the weekend, we could turn the world to gold Ohh, ohh Oh my baby, take me to the feeling (Take me to, take me to it) I'll be your sinner, in secret (Oh, when the lights go) When the lights go out Run away with me (Just run away) Run away with me (With me) (Oh, yeah yeah) baby Every single minute I'll be your hero and win it When the lights go out Run away with me, run away with me Run away with me, run away with me Run away with me, run away with me",62,6UjZgFbK6CQptu8aOobzPV,Emotion,2015-08-21,random playlist that can't decide its genre so go ahead jam along with these catchy tunes,49qyKvg6UAQAvIMUIGMnP3,pop,indie poptimism,0.564,0.7190000000000001,1.0,-5.505,1.0,0.0475,0.0126,0.000177,0.0536,0.251,119.023,251320.0,en
0HkcFsicQMIumVpNNde204,Mo Better,Raheem DeVaughn,"Even... even if I don't have much to my name And through the ups and downs it come with faith in my life You pat me on the back and rub away the pain cause your my baby, my darlin Priceless... You're priceless, no dollar amount can buy the friendship you bring You are the first lady worthy of a king... my queen The momment I set eyes on you I knew I would fall See life ain't so bad after all You make it better, better, better, better You make it better, You make it better, You make it better, You make it, You make it better You make it better, better, better, better You make it better, You make it better, You make it better, You make it better... I know your love gets more better, more better with time Like a rainbow cutting through to take out the clouds When you come around girl and make me smile It's a joy to hear you say things will work out some how Cause you're my baby, my darlin So promise, promise me and I'll promise you Promise and I'll make a vow to, to you girl Cause from the momment I set eyes on you I ken that fairy tales come true See life ain't so bad after all You make it better, better, better, better You make it better, You make it better, You make it better, You make it, You make it better You make it better, better, better, better You make it better, You make it better, You make it better, You make it better... I know your love gets more better, more better with time Now I Know I'm kind of young but I got an old soul So I'm a break it down for you for a momment And tell you how much I appretiate you When you whisper in my ear ""Baby It Will Be Okay"", You make it better Rub My body after a hards days work, You make it better Wakin up to you in the morning, You make it better Late in the midnight hour, You make it better Now I can be the riches man on earth and not have much at all But we got something priceless See life ain't so bad after all You make it better, better, better, better You make it better, You make it better, You make it better, You make it, You make it better You make it better, better, better, better You make it better, You make it better, You make it better, You make it better... I know your love gets more better, more better with time",5,3OclVn1K3sKF40dJ8KrSXu,Love Behind The Melody,2008-08-25,Neo Soul,2YPP7fiYu5pIcp2yyHvw4A,r&b,neo soul,0.383,0.358,1.0,-8.507,1.0,0.0324,0.584,0.0,0.0766,0.17800000000000002,119.026,459240.0,en
77ozYKcoGc9Cc6M9wRZH9d,De Pe a Pa,Granuja,"NA ¬øNo parecemos todos dementes a veces? Oh, oh...Granuja... C√≠rculo vicioso, yo! Hay una gran diferencia entre nada y granada Son juegos de palabras de mi mente entrenada Hip hop es mi religi√≥n sagrada Por la que lucha mi mano ensangrentada y... Peleo como Russell Crowe enfrente de las gradas No me agrada y por eso agredo Pero no f√≠sicamente sino con mi credo, estrictamente laico Evitando el enredo  con los cables de mi micro La clavo con la lengua afuera como Michael No hay competici√≥n a no ser de que surja un milagro Y como soy ateo no creo en eso y sin embargo Puede que me a√±eje pero no vinagro, yo! Mi querido Watson, yo cabeceo como Jackson I got your back son, fuck fashion Satan√°s est√° en el Atanasio con las antenas atentas Bien despacio busca su objetivo en el espacio La primavera es un enga√±o, todo es ambiguo Sufro un da√±o que con hierbas amortiguo Soy testigo de la evoluci√≥n del rap Estudiando el proceso de lo nuevo y de lo antiguo Hago lo que quiero y viceversa Rapeo de un modo que conversa Ser bueno es coger lo tuyo y hacerlo a la inversa Al punto en que llegaste, un bollo tiene m√°s reversa Con mas clase que Zidane Muerdo la manzana por que quiero, no soy como Ad√°n Algunos piden mucho pero nada dan Son molestos como cebo en el paladar Aqu√≠ se dice chimba, no madame Me adentro en este antro Estudio al ser humano como un antrop√≥logo Este es mi mon√≥logo en forma de cantos Me encuentro fumando cilantro y or√©gano Sazonando esta vida sin encanto Amo el rap desde que era un ni√±o y escuchaba Coolio Lo estudio hasta lo m√°s profundo como Julio Verne Mi ojo es el lente con que obturo, te lo juro Solo pienso en rimas de viernes a viernes Andando por la calles de Medallo De palo a palo, de polo a polo De pelo a pelo, de pe a pa Fumando pipa, escuchando hip hop Recorriendo la ciudad Andando por la calles de Medallo De palo a palo, de polo a polo De pelo a pelo, de pe a pa Fumando pipa, escuchando hip hop Recorriendo la ciudad, yo Odisea en la tierra y adi√≥s ideas Odio el mundo, el ser humano es mierda en ciudades y en aldeas No sonr√≠o solo soy un perro que jadea Analizando lo que lo rodea Mis versos no son epopeyas del t√≠pico h√©roe que rescata la doncella Resuelvo el caso y la investigaci√≥n se sella Ya se que no hay que fiarse de miradas bellas Y que mientras m√°s bulla, m√°s peyes Rapeo con ah√≠nco, la vida no da un brinco El tiempo viaja al doble despu√©s de los 25 Recuerdo a lat√≠n lingo Rap en espa√±ol yo con eso reemplac√© cada misa del domingo Viviendo en constante movimiento Soy un velero navegando a favor del viento A trav√©s del tiempo, casi siempre casi mienten Recuerdo mis cimientos, siempre fiel a mis conocimientos M√°s oscuros que Gravediggaz, eres bueno no me digas Influencia Sticky Fingaz, Fredo Starr El rap que no conocen sus amigas Si no sabes, no me sigas Insultos para el rap son malestar en mi barriga Ni consciencia, ni competencia, esa es la falencia Clasificar solo es cagar la esencia Migar en la primera etapa Donde el rappa' muestra todas sus falencias Pero la clave es la paciencia Nac√≠ en Apartad√≥, apartado He estado en Colombia y nunca he visto al estado A√∫n con tanto sol me siento desolado Veo rostros azulados por que no estoy de su lado Andando por la calles de Medallo De palo a palo, de polo a polo De pelo a pelo, de pe a pa Fumando pipa, escuchando hip hop Recorriendo la ciudad Andando por la calles de Medallo De palo a palo, de polo a polo De pelo a pelo, de pe a pa Fumando pipa, escuchando hip hop Recorriendo la ciudad, men",47,31HSq8pOXZCts7GqWXTRU1,C√≠rculo Vicioso,2017-03-31,HIP-HOP: Latin Rap ['89-present],5fWgI0IJ1el5NB1sZ0Egsx,latin,latin hip hop,0.715,0.5579999999999999,10.0,-6.546,0.0,0.374,0.118,1.3e-05,0.236,0.611,172.01,263023.0,es
1RqpijoxxQJ9FWS1V56DeE,MARY JANE,Night Lovell,"Ayy Jane, Mary Jane, I don't like you, Mary Jane With the gang, OT Gang, forty deep, we sliding Nigga, what's the info? Ayy, ayy What's your info? Ayy, yeah My bitch sweet, candy cane, acting like you know my name It's a shame, how these niggas pillow talking Pussy nigga, what's the info? Ayy, ayy What's your info? Ayy, yeah I don't change, I'm like rain, sex your bitch inside a plane Then I came, put my kids inside your baby mama mouth And she a nympho, ayy, ayy All this shit's so simple, yeah, ayy, ayy You think that you got it, nigga, you can't take my dame I'm a duppy, all these niggas call me Devil Baby James You a snitch though, ayy And nigga, I could fuck your bitch too, ayy, ayy, ayy Mmh, fucking on your bitch raw, ayy See me with the money, now they wanna call, ayy Now they wanna listen to the shit I said I'm just tryna have you naked all up in my bed, ayy, ayy Put two shots inside my head Try to save me but you left my soul beside your leg, ayy Call me crazy, but you such a fan, ayy All I see is red until the day I'm dead, ayy (Sweet), ayy Jane, Mary Jane, I don't like you, Mary Jane With the gang, OT Gang, forty deep, we sliding Nigga, what's the info? Ayy, ayy What's your info? Ayy, yeah My bitch sweet, candy cane, acting like you know my name It's a shame, how these niggas pillow talking Pussy nigga, what's the info? Ayy, ayy What's your info? Ayy, yeah (Sweet)",62,4sA7IyvdIFpeOPBftpjetk,GOODNIGHT LOVELL,2019-02-22,Gangsta Rap üíé Rap Party,0BwUQpqHSlC2YfKwOp2dQV,rap,gangster rap,0.6990000000000001,0.489,1.0,-9.461,0.0,0.0388,0.365,4.2e-05,0.132,0.0739,134.017,214925.0,en
2rbsEUWhJoC1fwTFihoOWI,Turn to Stone,Electric Light Orchestra,"The city streets are empty now (The lights don't shine no more) And so the songs are way down low (Turning, turning, turning) A sound that flows into my mind (The echoes of the daylight) Of everything that is alive(In my blue world) I turn to stone When you are gone I turn to stone Turn to stone When you comin' home? I can't go on The dying embers of the night (A fire that slowly fades till dawn) Still glow upon the wall so bright (Turning, turning, turning) The tired streets that hide away (From here to everywhere they go) Roll past my door into the day In my blue world I turn to stone When you are gone I turn to stone Turn to stone When you comin' home? I can't go on Turn to stone When you are gone I turn to stone (Yes, I'm turnin' to stone) ('Cause you ain't comin' home) (Why ain't you comin' home) (If I'm turnin' to stone) (You've been gone for so long) (And I can't carry on) (Yes, I'm turnin', I'm turnin') (I'm turnin' to stone) The dancing shadows on the wall (The two step in the hall) Are all I've seen since you've been gone (Turning, turning, turning) Through all I sit here and I wait (I turn to stone, I turn to stone) You will return again someday To my blue world I turn to stone When you are gone I turn to stone Turn to stone When you comin' home? I can't go on Turn to stone When you are gone I turn to stone I turn to stone When you are gone I turn to stone Turn to stone When you comin' home? I can't go on Turn to stone When You Are Gone I Turn To Stone",1,2qd7QaBMaK15aNWo7mdWMH,Out Of The Blue,1977,70's Classic Rock,76lrxCrKrGDkDDf3SVPnl3,rock,classic rock,0.5479999999999999,0.72,1.0,-9.777,0.0,0.0409,0.0686,0.000232,0.107,0.458,140.966,229093.0,en
3neBAEV5Tkp4BrKv85xysR,Don't Worry (feat. Ray Dalton) - Matoma Remix,Madcon,"Oh, we can own the night Don't worry 'bout a thing Don't worry 'bout a thing Don't worry 'bout a thing I know we'll be alright Don't worry 'bout a thing Don't worry 'bout a thing Don't worry 'bout a thing I'll take you to the future Forget about the past You can keep all of your secrets I swear that I won't ask Let go of all your troubles I don't care where you've been The only thing that matters now Is where the night will end Them bright big lights are shining on us That beat so tight it makes you wanna Get up get down like there's no tomorrow Like there's no tomorrow Like there's no tomorrow Oh, we can own the night Don't worry 'bout a thing Don't worry 'bout a thing Don't worry 'bout a thing I know we'll be alright Don't worry 'bout a thing Don't worry 'bout a thing Don't worry 'bout a thing Oh, we can own the night Don't worry 'bout a thing Don't worry 'bout a thing Don't worry 'bout a thing Let's get down to business And show me what you got Just keep the record spinning The music never stops You wanna live forever And reach above the stars Let's take it to next level Just light the space ship up Them bright big lights are shining on us That beat so tight it makes you wanna Get up get down like there's no tomorrow Like there's no tomorrow Like there's no tomorrow Oh, we can own the night Don't worry 'bout a thing Don't worry 'bout a thing Don't worry 'bout a thing I know we'll be alright Don't worry 'bout a thing Don't worry 'bout a thing Don't worry 'bout a thing Oh, we can own the night Don't worry 'bout a thing Don't worry 'bout a thing Don't worry 'bout a thing On the rooftop Surrounded by the stars and the views hot Ain't nobody thinking 'bout what you got Everything's ours, wanna dip? Get a new spot, Yeah Don't worry, don't worry The night never ends, no hurry no hurry Shorty look thick and the lines get blurry And the nights in your palm so we might get dirty DJ, let the beat play, make a heat wave, when you replay this Tonight we gone party like its d-day Young and free saying this the one on my CK shit The Moon is the light Sky is the ceiling The low is the base and the high is the feeling The world is the club, all in cause we can This' one for the books don't worry bout a thang Oh, we can own the night Don't worry 'bout a thing Don't worry 'bout a thing Don't worry 'bout a thing I know we'll be alright Don't worry 'bout a thing Don't worry 'bout a thing Don't worry 'bout a thing (Don't worry 'bout a thing) (Don't worry 'bout a thing) C'mon Oh, we can own the night Don't worry 'bout a thing Don't worry 'bout a thing Don't worry 'bout a thing",40,1WAhvaEusAllUiDvg6jd0Z,Don't Worry (feat. Ray Dalton) [Matoma Remix],2015-06-11,@deniceemoberg EDM - POP REMIXES,2fbrY1tuoW8Uji14H7623k,edm,pop edm,0.794,0.8640000000000001,0.0,-4.815,1.0,0.0695,0.00134,0.0004860000000000001,0.177,0.509,123.042,197073.0,en
7d05Cx72W1WsWUw7MAD7ia,Shorty,Casa De Leones,"NA Ey (Los Leones) No s√© c√≥mo ella aqu√≠ entr√≥, ella es una shorty Su cuerpo y maquillaje te envolvi√≥, pero es una shorty Con su movimiento impresion√≥ siendo una shorty Ella no habla mucho, cuidao' con la espina de esa rosa Ey, shorty, dime la verdad, ¬øcu√°l es tu edad? Ey, shorty, no me haga' maldad, ma' Ey, shorty, dime la verdad, ¬øcu√°l es tu edad? Ey, shorty, no me haga' maldad, ma' Ella no se desv√≠a, se enfoca en su flow No quiere que la comparen, que rompe esquina, que rompe calle La envidian por su r√°pida acci√≥n No quiere que la comparen, que rompe esquina, que rompe calle Ella no se desv√≠a, se enfoca en su flow No quiere que la comparen, que rompe esquina, que rompe calle La envidian por su r√°pida acci√≥n No quiere que la comparen, que rompe esquina, que rompe calle Ella es una shorty Con su maquillaje en la disco hace su body (Tienta) Ella luce salvaje, de veterana es su flow y su body (Tienta) Luce fina con su traje y con sus tacos Vive la pel√≠cula de conquistar un caco Yo s√© que si me le pego a ella la sonsaco Ella es una shorty, pa', de corta edad Hay que tener mucho cuidao' con esa liga Eso puede ser un foul ball si te tira' Ella dice que es grande ya, pero es una ni√±a Ella es una shorty, pa', de corta edad Hay que tener mucho cuidao' con esa liga Eso puede ser un foul ball si te tira' Ella dice que es grande ya, pero es una ni√±a Ella es una shorty, pa', de corta edad No puedo enamorarme de usted (No, no) Porque no me conviene Aunque bien criao' estuviera Me la quiero comer, pero no me conviene (No, no) No puedo enamorarme de usted Porque no me conviene Aunque bien criao' estuviera Me la quiero comer, pero no me conviene Ey, shorty, dime la verdad, ¬øcu√°l es tu edad? Ey, shorty, no me haga' maldad, ma' Ey, shorty, dime la verdad, ¬øcu√°l es tu edad? Ey, shorty, no me haga' maldad, ma' Ella no se desv√≠a, se enfoca en su flow No quiere que la comparen, que rompe esquina, que rompe calle La envidian por su r√°pida acci√≥n No quiere que la comparen, que rompe esquina, que rompe calle Ella no se desv√≠a, se enfoca en su flow No quiere que la comparen, que rompe esquina, que rompe calle La envidian por su r√°pida acci√≥n No quiere que la comparen, que rompe esquina, que rompe calle No puedo enamorarme de usted Porque no me conviene Aunque bien criao' estuviera Me la quiero comer, pero no me conviene No puedo enamorarme de usted Porque no me conviene Aunque bien criao' estuviera Me la quiero comer, pero no me conviene Me la quiero comer, pero no me conviene Me la quiero comer, pero no me conviene Ey, esto es sencillo Wey Los Leones Randy (Aight?) Junto a Live Music Ey, ey, Dj Giann Dexter y Mr. Greenz Los Leones, aj√° Yo soy tu le√≥n, shorty",56,63vg9JvOEbbKJo1cVIGj5A,Casa De Leones,2007-06-19,Reggaeton Classics,37i9dQZF1DX8SfyqmSFDwe,latin,reggaeton,0.7959999999999999,0.866,10.0,-6.0870000000000015,0.0,0.0595,0.096,0.00025,0.0561,0.877,94.991,246080.0,es
5wra0GAJGrDoUEGTXEPYHR,no importa,Alaina Castillo,"NA Yo s√© lo que piensa to' el mundo Y no me voy a preocupar No quieren que‚ÄÖt√∫‚ÄÖy yo estemos‚ÄÖjuntos Pero ellos no saben la verdad Si‚ÄÖsupieran lo que yo siento por ti Si supieran lo que t√∫ sientes por m√≠ Y dir√°n lo que quieran decir Pero nunca lo' vamo' a o√≠r Te lo digo, baby No importa lo que digan Lo que piensen no me molesta Yo no escucho tonter√≠as Si est√°n en contra no me interesa Estamos en las nubes Les guste o no les guste No importa lo que digan Si t√∫ me quieres y yo te quiero Ven, ven, esc√∫chame Que t√∫ ya me tiene' redondita a tus pies Ven, ven, abr√°zame Que juntito aqu√≠ a mi lado te quiero tener Yo s√© lo que tenemo' es peligroso Pero mientra' m√°s peligro m√°s lo gozo La qu√≠mica nos habla con los ojos Y dir√°n lo que quieran decir Pero nunca lo vamo' a o√≠r Te lo digo, baby No importa lo que digan Lo que piensen no me molesta Yo no escucho tonter√≠as Si est√°n en contra no me interesa Estamos en las nubes Les guste o no les guste No importa lo que digan Si t√∫ me quieres y yo te quiero Si t√∫ me quieres y yo te quiero (Baby, no) Si t√∫ me quieres y yo te quiero (Baby, estoy aqu√≠ para ti) Si t√∫ me quieres y yo te quiero Si t√∫ me quieres y yo te quiero No importa lo que digan Lo que piensen no me molesta Yo no escucho tonter√≠as Si est√°n en contra no me interesa Estamos en las nubes Les guste o no les guste No importa lo que digan (Esc√∫chame papi)",25,3TXRdkJOU0kMjzTfuO3osO,antisocial butterfly,2019-11-15,Latin Pop VIP,37i9dQZF1DX1QnNyJOBQBv,latin,latin pop,0.515,0.675,8.0,-5.158,1.0,0.256,0.4370000000000001,0.0,0.0886,0.34600000000000003,89.905,152852.0,es
6ILsOdeN5cv3M0tp0ootWF,Painkiller (feat. Meghan Trainor),Jason Derulo,"M Train, Jason Derulo, true I thought my heart might break 'cause slowly this kills Not everyone needs space (Oh no) You what the doctor gave, I swallowed the pill I never loved this way (Oh no) You pick me up and get me higher (Higher) You fill my cup with desire Baby, I'm back now, feeling how I used to feel You got me back now, stick around, this is for reals You put it do-do-do-down, my painkiller You put it do-do-do-down, my painkiller Baby, I'm back now, feeling how I used to feel You got me back now, stick around, this is for reals You put it down You put it down I had to turn the page to get here to you Love how you numb my pain (Oh yeah) But all the nurses say, ""Beware of the juice That makes you go insane"" (Oh yeah) You pick me up and get me higher (Higher) You fill my cup with desire Baby, I'm back now, feeling how I used to feel You got me back now, stick around, this is for reals You put it do-do-do-down, my painkiller You put it do-do-do-down, my painkiller Baby, I'm back now, feeling how I used to feel (Feel) You got me back now, stick around, this is for reals You put it down (Yeah, yeah, hey) You put it down (Yeah, yeah, yeah, yeah) You put it down (Hey, hey, hey, oh yeah, check this out) I'm 'bout to kiss it, make it better, kiss and make it better, babe Kiss and make it better, kiss and make it better, babe I'ma kiss it, make it better, kiss and make it better, babe Ooh, kiss and make it better, kiss and make it better, babe You the best, you the best, you the best, you the best, oh You the best, you the best, you the best, right now, I know Baby, I'm back Baby, I'm back Baby, I'm back now, feeling how I used to feel You got me back now, stick around, this is for reals (You got me back now) You put it do-do-do-down, my painkiller (Painkiller, hey) You put it do-do-do-down, my painkiller Baby, I'm back now, feeling how I used to feel (Ooh, ha) You got me back now, stick around, this is for reals (This is for reals) You put it down (You put it down, baby, yeah) You put it down, hey You put it down, hey My painkiller You put it down, ha, yeah My painkiller, yeah You put it down Ooh, freestyling shit, uh",51,59eUYETmE1zi31ESb3SUkI,Everything Is 4,2015-05-29,2015 songs,6UJw1egIcZVfrBmcKs5uHH,edm,pop edm,0.7390000000000001,0.703,4.0,-5.897,0.0,0.0359,0.0123,0.0,0.53,0.561,128.041,203600.0,en
5he7AYCR3MGloRnuWEMroT,This Picture,Placebo,I hold an image of the ashtray girl Of cigarette burns on my chest I wrote a poem that described her world And put our friendship to the test And late at night Whilst on all fours She used to watch me kiss the floor What's wrong with this picture? What's wrong with this picture? Farewell the ashtray girl Forbidden snowflake Beware this troubled world Watch out for earthquakes Goodbye to open sores To broken semaphore You know we miss her We miss her picture Sometimes it's fated Disintegrated For fear of growing old Sometimes it's fated Assassinated For fear of growing old Farewell the ashtray girl Angelic fruitcake Beware this troubled world Control your intake Goodbye to open sores Goodbye and furthermore You know we miss her We miss her picture Hang on Though we try It's gone Hang on Though we try It's gone Can't stop growing old (x5),59,4fUDor6o5gw0b18iYKEaRq,Sleeping With Ghosts,2003-03-24,Permanent Wave,5glAD13obyL0G9SH9ukBz2,rock,permanent wave,0.462,0.91,1.0,-7.198,1.0,0.0359,8.58e-05,0.0469,0.0863,0.616,155.69,214907.0,en
2L6orAlH8tBhiFTumIfMyF,Call on Me - Ryan Riback Remix,Starley,"When you're low And your knees can't rise You feel helpless And you're looking to the sky Some people would say To accept defeat Well, if this is fate then we'll find a way to cheat Cause, oh, oh, oh, oh, we'll say a little prayer But, oh, oh, oh, oh, if the answer isn't fair You know you can call on me When you need somebody You know you can call on me When you can't stop the tears from falling down, d-down You know you can call on me Call on me, darling You know you can call on me You can't stop the tears from falling down When you're weary And the road is dark And I'll guide you With the beating of my heart And if the cavalry And the help don't come Well, then we'll find a way To dodge a smoking gun Cause, oh, oh, oh, oh, we'll say a little prayer But, oh, oh, oh, oh, if the answer isn't fair (then call on me) You know you can call on me When you need somebody You know you can call on me When you can't stop the tears from falling down, d-down You know you can call on me Call on me, darling You know you can call on me You can't stop the tears from falling down When you're, you need someone (Just call on me) You need somebody to cling to (Call on me) When you're, you need someone (Just call on me) You need somebody to dry your tears When you're, you need someone (You can call me) You need somebody to cling to (Just call on me) Just call on me, love (Just call on me) Just call on me, love (Call on me) Just call on me, love (Just call on me) Just call on me, love (Call on me) Just call on me, love, on me When you're low And your knees can't rise You feel helpless And you're looking to the sky Some people would say To accept defeat Well, if this is fate then we'll find a way to cheat Cause, oh, oh, oh, oh, we'll say a little prayer But, oh, oh, oh, oh, if the answer isn't fair You know you can call on me When you need somebody You know you can call on me When you can't stop the tears from falling down, d-down You know you can call on me Call on me, darling You know you can call on me You can't stop the tears from falling down When you're weary And the road is dark And I'll guide you With the beating of my heart And if the cavalry And the help don't come Well, then we'll find a way To dodge a smoking gun Cause, oh, oh, oh, oh, we'll say a little prayer But, oh, oh, oh, oh, if the answer isn't fair (then call on me) You know you can call on me When you need somebody You know you can call on me When you can't stop the tears from falling down, d-down You know you can call on me Call on me, darling You know you can call on me You can't stop the tears from falling down When you're, you need someone (Just call on me) You need somebody to cling to (Call on me) When you're, you need someone (Just call on me) You need somebody to dry your tears When you're, you need someone (You can call me) You need somebody to cling to (Just call on me) Just call on me, love (Just call on me) Just call on me, love (Call on me) Just call on me, love (Just call on me) Just call on me, love (Call on me) Just call on me, love, on me",68,5G7go9EeotMk9RfLETBDgJ,Call On Me (Remixes),2016-10-18,A Loose Definition of Indie Poptimism,4ZO0wp9G8FA3X6oYNBzda6,pop,indie poptimism,0.67,0.838,0.0,-4.0310000000000015,1.0,0.0362,0.0604,0.000611,0.159,0.7170000000000001,104.998,222041.0,en
7zU9pcTnh6Q4nBnrg47Xz0,"Bubble Butt (feat. Bruno Mars, 2 Chainz, Tyga & Mystic) - Radio Mix",Major Lazer,"Bubble butt, bubble, bubble, bubble butt Bubble butt, bubble, bubble, bubble butt Bubble butt, bubble, bubble, bubble butt Turn around, stick it out, show the world you got a Bubble butt, bubble, bubble, bubble butt Bubble butt, bubble, bubble, bubble butt Bubble butt, bubble, bubble, bubble butt Turn around, stick it out, show the world you got a Drop it low, put it in the dirt Sex drive, put it in reverse Killed her ass, put it in a hearse Then I drove off and put it in the dirt Drop it low, put in the dirt Take your top off, turn into a vert Bubble butt, busted in her throat Smoking bubble kush wearing a bubble coat Bubble butt, bubble, bubble, bubble butt Bubble butt, bubble, bubble, bubble butt Bubble butt, bubble, bubble, bubble butt Turn around, stick it out, show the world you got a Bubble butt, bubble, bubble, bubble butt Bubble butt, bubble, bubble, bubble butt Bubble butt, bubble, bubble, bubble butt Turn around, stick it out, show the world you got a Wind, go down, turn and flick it A girl like me know how fi handle di wicket One bat, two balls, swing it like cricket Pull me locks, slap my ass, make me show you how me wicked Baby, baby, mek me tell you 'bout the body, yah Make you vibrate like a Nokia When me whine and bruk off that buddy, yah Uh-huh, even kartel a happy, yah Bubble butt, bubble, bubble, bubble butt Bubble butt, bubble, bubble, bubble butt Bubble butt, bubble, bubble, bubble butt Turn around, stick it out, show the world you got a Bubble butt, bubble, bubble, bubble butt Bubble butt, bubble, bubble, bubble butt Bubble butt, bubble, bubble, bubble butt Turn around, stick it out, show the world you got a I had a cute thing, buenas noches By the end of the night my knees are now on your chest Fuck me bad, let me in, a cardic arrest Make me come, make me come Come, we know you are the best Who's bad? Let me wind up on your cock Tick-tock-tick, riding the clock Beat it, beat it, beat it bad, let me show you what I've got I ain't Snoop Dogg, but I'mma drop it like it's hot Bubble butt, bubble, bubble, bubble butt Bubble butt, bubble, bubble, bubble butt Bubble butt, bubble, bubble, bubble butt Turn around, stick it out, show the world you got a Bubble butt, bubble, bubble, bubble butt Bubble butt, bubble, bubble, bubble butt Bubble butt, bubble, bubble, bubble butt Turn around, stick it out, show the world you got a OK, open up your Bubba Gump, let me see your bumper The booty so smooth, can't believe it's not butter I go in from under, she wetter than a surfer I ate the pussy fast, I'm about to start burping I burp, burp and re-lick the bottom of the surface I loaded my clip in and told her, ""Don't get nervous"" I'm a Bang Bang Chiddy Bang, bang, bang killer Nipple tit clit licker, ball like a dribble Put you in a pickle, nibble on my dickle Why you tripping? I'm a crazy individual Never do minimum, drive Benz, Bentley too Damn, bitch, talk much? I don't want interviews I'm trying to get into you (into you) then make you my enemy Not playing, got the bitch mad Me don't like flat screen ass, I need a 3D Bubble butt, bubble, bubble, bubble butt Bubble butt, bubble, bubble, bubble butt Bubble butt, bubble, bubble, bubble butt Turn around, stick it out, show the world you got a Bubble butt, bubble, bubble, bubble butt Bubble butt, bubble, bubble, bubble butt Bubble butt, bubble, bubble, bubble butt Turn around, stick it out, show the world you got a",0,18w3FsBQO332yxJpQvSWXh,"Bubble Butt (Remix) (feat. Bruno Mars, 2 Chainz, Tyga & Mystic)",2013-05-31,"Hot Latino Mix (Latin, Hip Hop, Rap, RnB, Dancehall, Reggeaton, Afro)",3hR2R6szlkwZeGyclTgHcF,latin,latin hip hop,0.799,0.605,7.0,-10.011,1.0,0.286,0.00845,0.0143,0.485,0.368,194.055,207843.0,en
5Lhlma8CbXwj3ptne7H6DF,Se Supone,Lucah,"¬øD√≥nde estas? ¬øC√≥mo te ha ido? Aqu√≠ la vida sigue igual Las fotos que ten√≠a contigo, siguen Estando‚ÄÖen‚ÄÖel mismo lugar Te‚ÄÖextra√±o por eso te escribo Espero no‚ÄÖlo tomes mal Perd√≥name es que a√∫n no consigo Despu√©s de meses poderte olvidar Y es que el coraz√≥n no pone de su parte Se reh√∫sa siempre a dejar de amarte Se supone que no deber√≠a so√±ar con tus Labios pidi√©ndome un beso m√°s Deber√≠a prohibirme pensar y pensar que Pronto a mis brazos volver√°s Se supone que el tiempo me iba a Ayudar a dejar de una vez tu recuerdo en paz Se supone que ya deber√≠a avanzar Porque alguien ya est√° en mi lugar Como ves fue mentira y te quiero todav√≠a Te juro que ya lo he intentado Pero nada me hace bien Por m√°s que aqu√≠ pasan los a√±os sigues Teni√©ndome ah√≠ a tus pies Y es que el coraz√≥n no pone de su parte Se reh√∫sa siempre a dejar de amarte Se supone que no deber√≠a so√±ar con tus Labios pidi√©ndome un beso m√°s Deber√≠a prohibirme pensar y pensar que Pronto a mis brazos volver√°s Se supone que el tiempo me iba a Ayudar a dejar de una vez tu recuerdo en paz Se supone que ya deber√≠a avanzar Porque alguien ya est√° en mi lugar Como ves fue mentira y te quiero todav√≠a Se supone que el tiempo me iba a Ayudar a dejar de una vez tu recuerdo en paz Se supone que ya deber√≠a avanzar Porque alguien ya est√° en mi lugar Como ves fue mentira y te quiero todav√≠a",54,3G0nsurU2QSdw4439JcbhT,Se Supone,2019-02-08,Exitos 2020 - Latin Billboard,0k2IDDkcVyIpIgE6d1woDM,latin,latin pop,0.653,0.335,0.0,-10.268,1.0,0.0302,0.442,0.0,0.111,0.146,120.05,246147.0,es
4DTLlMqz8grnPEQZL0DzfE,Summertime,Sam Cooke,It's summertime and the living is easy Fish are jumping and the cotton is high Your daddy's rich and your mama's good looking Hush little baby Don't you cry Hmmmm.... One of these mornings you're gonna rise up singing You spread your wings and take to the sky But until that morning there is nothing can harm you.... With your daddy and mommy standing by They are standing by Hmmmm...,0,2o79MAXD7xbq0E1SEugdeC,Portrait of a Legend (Remastered),2003,Sexy Soul 2020,5EMARioe9z9eKOeWIAC2JW,r&b,neo soul,0.647,0.328,6.0,-12.065,0.0,0.0323,0.737,1.3699999999999998e-05,0.13,0.395,120.73,140307.0,en
5bpaHLJ08GNBKW35ZfCYJy,Hello Sunshine,Bruce Springsteen,"Had enough of heartbreak and pain I had a little sweet spot for the rain For the rain and skies of grey Hello sunshine, won't you stay? You know I always liked my walking shoes But you can get a little too fond of the blues You walk too far, you walk away Hello sunshine, won't you stay? You know I always loved a lonely town Those empty streets, no one around You fall in love with lonely, you end up that way Hello sunshine, won't you stay? You know I always liked that empty road No place to be and miles to go But miles to go is miles away Hello sunshine, won't you stay? And miles to go is miles away Hello sunshine, won't you stay? Hello sunshine, won't you stay? Hello sunshine",56,6BhqPpIgY83rqoZ2L78Lte,Western Stars,2019-06-14,Classic Rock Now,37i9dQZF1DX0fWtUuB7bFE,rock,classic rock,0.546,0.438,2.0,-10.29,1.0,0.032,0.438,0.0443,0.192,0.274,120.022,234240.0,en
63tg0BOsXkohsjx3B87ui6,Back on the Road Again,REO Speedwagon,"Please don't hate me mama for what I'm about to do But the good times we've had together are just about now through Please don't misunderstand me, I hate to see you cry But I think that it might look better if I told you now goodbye I'm back on the road again, it's time I leave you now And maybe I'll see you next time, that I'm around Until then I hope your happy baby and good times come your way I'm back on the road again, I'm on my way Well I've loved you since the day I met you and I'll love you till the day I die But we both know the life I'm livin and we both know the reason why That I've got to leave ya mama and I've got to leave today But you know that I'll see you next time that I come through your town to play I'm back on the road again, it's time I leave you now And maybe I'll see you next time, that I'm around Until then I hope your happy baby and good times come your way I'm back on the road again, I'm on my way Oh, bye-bye baby I'm back on the road again, it's time I leave you now And maybe I'll see you next time, that I'm around Until then I hope your happy baby and good times come your way I'm back on the road again, I'm on my way",40,3Fl6azxdrXD55nmaBmSMbn,The Essential REO Speedwagon,2004,Supernatural Classic Rock,6oghIlByD49KFGNmNU8GSH,rock,classic rock,0.452,0.8170000000000001,8.0,-7.7429999999999986,1.0,0.0593,0.000157,2.27e-05,0.221,0.412,126.04,328733.0,en
1vZEnDUseI4y5aAyTHwOdc,I Need Your Help,Deitrick Haddon,"Verse 1: In Your presence by myself, its You and me Lord and no one else, and I don't have to say a whole lot of things You already know I need Your help, my enemies want to see me fall, so they can say I told you so Mmmm, Lord I don't mean to bother You with my small problems, but there is no where else I can go Ooohhh,oooohhh,oooohhh,oooohhh,ooohhhh Hook: Lord, I need your help (x2) Verse 2: Lord at thy feet I fall, and Lord I surrender all, and if You can forgive me of my sins, I know that I can start all over again, hey Oohhh,oooohhh,ooohh,oooohhh You got it now sing it with me... Hook: Lord (Say I) I (I really do) need (yeah) Your help (I tried to do it on my own but I found out) Lord (I need) I (I need ya) need Your help Bridge: I traveled long on every side, there's no where to run or hide, won't You hear my humble cry (yeah!) Hook: Lord I need your help (x4)",18,1WBCOU7em7eF48hAk3i5FD,Revealed,2008-09-02,Gospel,0pItJZBDZFvgAOdFnSITnJ,r&b,urban contemporary,0.496,0.547,1.0,-6.332000000000002,1.0,0.0267,0.1,1.01e-05,0.146,0.219,139.994,291360.0,en
5scxjvcdozadBoRRN0UMaM,White Mercedes - EDX's Miami Sunset Remix,Charli XCX,"Don't say you love me 'cause I can't say it back Don't say you're sorry 'cause you've done nothing bad Swallow my feelings, but won't swallow my pride You know I've got a suit of armor on, you'll never see me cry I hate the silence (Ah-ah), that's why the music's always loud So many problems (Ah-ah), I try to drown 'em out 1000 bottles (Ah-ah), collecting souvenirs You know it's so hard to admit it But the only good inside of me is you I take all of these blue and yellow pills But nothing seems to last like you You're chasing after something that you'll never catch Woah Like a white Mercedes, always been running too fast When your heart is breaking, you keep on taking me back Hate myself, I really love you Hurting you feels like I'm hurting as well All I know is I don't deserve you You're so forgiving (Ah-ah), my friends think you're the best From the beginning (Ah-ah), your friends said it wouldn't last But this connection (Ah-ah), it's something they don't see You know it's so hard to admit it But the best damn part of me was always you I take all of these blue and yellow pills But nothing seems to last like you You're chasing after something that you'll never catch Woah Like a white Mercedes, always been running too fast When your heart is breaking, you keep on taking me back Hate myself, I really love you Hurting you feels like I'm hurting as well All I know is I don't deserve you I don't deserve you, I don't deserve your love One day I'll pull through and I'll be good enough I don't deserve you, I don't deserve your love Oh, your love, yeah I don't deserve you, I don't deserve your love One day I'll pull through and I'll be good enough I don't deserve you, I don't deserve your love Oh, your love Like a white Mercedes, always been running too fast When your heart is breaking, you keep on taking me back Hate myself, I really love you Hurting you feels like I'm hurting as well All I know is I don't deserve you All I know is I don't deserve you All I know is I don't deserve you All I know is I don't deserve you Don't say you love me 'cause I can't say it back Don't say you're sorry 'cause you've done nothing bad Swallow my feelings, but won't swallow my pride You know I've got a suit of armor on, you'll never see me cry I hate the silence (Ah-ah), that's why the music's always loud So many problems (Ah-ah), I try to drown 'em out 1000 bottles (Ah-ah), collecting souvenirs You know it's so hard to admit it But the only good inside of me is you I take all of these blue and yellow pills But nothing seems to last like you You're chasing after something that you'll never catch Woah Like a white Mercedes, always been running too fast When your heart is breaking, you keep on taking me back Hate myself, I really love you Hurting you feels like I'm hurting as well All I know is I don't deserve you You're so forgiving (Ah-ah), my friends think you're the best From the beginning (Ah-ah), your friends said it wouldn't last But this connection (Ah-ah), it's something they don't see You know it's so hard to admit it But the best damn part of me was always you I take all of these blue and yellow pills But nothing seems to last like you You're chasing after something that you'll never catch Woah Like a white Mercedes, always been running too fast When your heart is breaking, you keep on taking me back Hate myself, I really love you Hurting you feels like I'm hurting as well All I know is I don't deserve you I don't deserve you, I don't deserve your love One day I'll pull through and I'll be good enough I don't deserve you, I don't deserve your love Oh, your love, yeah I don't deserve you, I don't deserve your love One day I'll pull through and I'll be good enough I don't deserve you, I don't deserve your love Oh, your love Like a white Mercedes, always been running too fast When your heart is breaking, you keep on taking me back Hate myself, I really love you Hurting you feels like I'm hurting as well All I know is I don't deserve you All I know is I don't deserve you All I know is I don't deserve you All I know is I don't deserve you",56,37vNU8L52IJZuO7e9hqBd9,White Mercedes (EDX's Miami Sunset Remix),2019-10-25,Pop Remix,37i9dQZF1DXcZDD7cfEKhW,pop,dance pop,0.846,0.773,5.0,-3.503,1.0,0.0473,0.0141,2.23e-05,0.204,0.586,124.008,200444.0,en
4eucKRPayKSzwxaOOGfhye,Overexposed,Matt and Kim,"Middle seat, twelve-hour All-night drive, pins and needles They break, actions make More of a mess Than words can make Like a picture, I was overexposed Believe me, I saw it with my eyes closed Oh-oh-oh-oh-oh-oh-oh-oh-oh-oh-oh-oh Oh-oh-oh-oh-oh-oh-oh-oh-oh-oh-oh Oh-oh-oh-oh-oh-oh-oh-oh-oh-oh-oh-oh Oh-oh-oh-oh-oh-oh-oh-oh-oh-oh-oh-oh A waxed ledge, darkened from Dirt and grinds, break all your Bones before they're grown You'll never pay off All of your loans Like a picture, I was overexposed Believe me, I saw it with my eyes closed Oh-oh-oh-oh-oh-oh-oh-oh-oh-oh-oh-oh Oh-oh-oh-oh-oh-oh-oh-oh-oh-oh-oh Oh-oh-oh-oh-oh-oh-oh-oh-oh-oh-oh-oh Oh-oh-oh-oh-oh-oh-oh-oh-oh-oh-oh-oh Let's wake the world And sing them back to sleep But people don't listen So we'll scream and shout As if these words are cheap Like a picture, I was overexposed Believe me, I saw it with my eyes closed Oh-oh-oh-oh-oh-oh-oh-oh-oh-oh-oh-oh Oh-oh-oh-oh-oh-oh-oh-oh-oh-oh-oh Oh-oh-oh-oh-oh-oh-oh-oh-oh-oh-oh-oh Oh-oh-oh-oh-oh-oh-oh-oh-oh-oh-oh-oh",32,2MbpbHn31Luzr8G3uDsSUH,Lightning,2012-10-02,Indie Poptimism,2QiMewRbSavfZ9MSAYz2h6,pop,indie poptimism,0.619,0.835,0.0,-6.192,1.0,0.04,0.00101,1.08e-06,0.318,0.37,100.5,166467.0,en
1SN1vSPsr4V4tIUTR3s8YW,Fast Car,Jonas Blue,"Oh, woah, oh Oh, oh You got a fast car I want a ticket to anywhere Maybe we will make a deal Maybe together we can get somewhere Any place is better Starting from zero, got nothing to lose Maybe we'll make something Me, myself, I got nothing to prove You got a fast car And I got a plan to get us out of here I've been working at a convenience store Managed to save just a little bit of money We won't have to drive too far Just across the border and into the city You and I can both get jobs And finally see what it means to be living You got a fast car Is it fast enough so we can fly away? We gotta make a decision We leave tonight or live and die this way So I remember we were driving, driving in your car The speed so fast, I felt like I was drunk City lights lay out before us And your arm felt nice wrapped 'round my shoulder And I, I had a feeling that I belonged And I, I had a feeling that I could be someone Had a feeling that I could be someone You see, my old man's got a problem He lives with the bottle, that's the way it is He says his body's too old for working I say, his body's too young to look like his My mama went off and left him She wanted more from life than he could give I said, somebody's got to take care of him So I quit school and that's what I did You got a fast car And we go cruising to entertain ourselves You still ain't got a job And I work in a market as a checkout girl I know things will get better You'll find work and I'll get promoted We'll move out of the shelter Buy a bigger house and live in the suburbs You got a fast car Is it fast enough so we can fly away? We gotta make a decision We leave tonight or live and die this way So I remember we were driving, driving in your car The speed so fast, I felt like I was drunk City lights lay out before us And your arm felt nice wrapped 'round my shoulder And I, I had a feeling that I belonged And I, I had a feeling that I could be someone Had a feeling that I could be someone Oh, woah, oh Oh, oh You got a fast car I want a ticket to anywhere Maybe we will make a deal Maybe together we can get somewhere Any place is better Starting from zero, got nothing to lose Maybe we'll make something Me, myself, I got nothing to prove You got a fast car And I got a plan to get us out of here I've been working at a convenience store Managed to save just a little bit of money We won't have to drive too far Just across the border and into the city You and I can both get jobs And finally see what it means to be living You got a fast car Is it fast enough so we can fly away? We gotta make a decision We leave tonight or live and die this way So I remember we were driving, driving in your car The speed so fast, I felt like I was drunk City lights lay out before us And your arm felt nice wrapped 'round my shoulder And I, I had a feeling that I belonged And I, I had a feeling that I could be someone Had a feeling that I could be someone You see, my old man's got a problem He lives with the bottle, that's the way it is He says his body's too old for working I say, his body's too young to look like his My mama went off and left him She wanted more from life than he could give I said, somebody's got to take care of him So I quit school and that's what I did You got a fast car And we go cruising to entertain ourselves You still ain't got a job And I work in a market as a checkout girl I know things will get better You'll find work and I'll get promoted We'll move out of the shelter Buy a bigger house and live in the suburbs You got a fast car Is it fast enough so we can fly away? We gotta make a decision We leave tonight or live and die this way So I remember we were driving, driving in your car The speed so fast, I felt like I was drunk City lights lay out before us And your arm felt nice wrapped 'round my shoulder And I, I had a feeling that I belonged And I, I had a feeling that I could be someone Had a feeling that I could be someone",74,2xZSrcBmvMw9Y8hac6xU7L,Blue,2018-11-09,ElectroPop 2020,4frhr6RQM2fMOm2mpvOVo6,pop,electropop,0.672,0.578,9.0,-6.621,1.0,0.0569,0.469,0.0,0.312,0.5479999999999999,113.945,212424.0,en
1fQaoh3imrMunWVZh5kf90,Shepherd of Fire,Avenged Sevenfold,"Let's take a moment and break the ice So my intentions are known See I have pity in watching you suffer I know the feeling of being damned alone I've got a storybook of my own Don't you see I am your pride, agent of wealth, bearer of needs (And you know it's right) I am your war, arming the strong, aiding the weak Know me by name, Shepherd of Fire Well I can promise you paradise No need to serve on your knees And when you're lost in the darkest of hours Take a moment and tell me who you see Won't tell you who not to be Now you know I am your pride, agent of wealth, bearer of needs (And you know it's right) I am your war, arming the strong, aiding the weak Know me by name, Shepherd of Fire Disciple of the cross and champion in suffering Immerse yourself into the Kingdom of Redemption Pardon your mind from the chains of the divine Make way, the Shepherd of Fire Through the ages of time I've been known for my hate But I'm a dealer of simple choices For me its never too late I am your pride, agent of wealth, bearer of needs (And you know it's right) I am your war, arming the strong, aiding the weak I am your wrath, I am your guilt, I am your lust! (And you know it's right) I am your law, I am your scar, I am your trust Know me by name, Shepherd of Fire",68,0ks45m1bsP2JsZpM5D2FFA,Hail to the King,2013-08-23,New Hard Rock,64BvJcehegyvhqQtV82Ddz,rock,hard rock,0.5760000000000001,0.906,2.0,-7.677,1.0,0.0571,0.000332,0.0614,0.0908,0.211,127.935,323800.0,en
77a9893yxuz36cBUmBzA8E,Al Filo de Tu Amor,Carlos Vives,"NA No quisiste contestarme nada Ni siquiera hiciste una llamada Me borraste de tus listas en el chat Te confieso que perd√≠ la calma Tu silencio me doli√≥ en el alma Ya no s√© c√≥mo ni cu√°ndo si no est√°s (Ya no s√© c√≥mo ni cu√°ndo si no est√°s) No voy a molestarte nena Porque nada quiero para m√≠ No has de saber mi amor que estoy as√≠ Enamorado Busc√°ndote en todos lados Sin se√±as, sin un recado Abandonado, viviendo al filo de tu amor Enamorado Dispuesto y apasionado Buscando para el mercado Desempleado y pasando filo por tu amor Enamorado Escucha Nueva York que te estoy cantando La historia de un amor que lleg√≥ acabando Arrasando esto se fue llevando Como Col√≥n conquistando Escucha el coraz√≥n que estamos bailando Tu cuerpo es un im√°n que me va jalando Como volando hacia tus caderas Como una tromba chupando Ya est√° llegando la noche En la tierra del olvido La tarde se est√° apagando Como un piso encendido Que no se acabe la fiesta Si est√°s bailando conmigo En la ciudad que no duerme D√©jame dormir contigo Me perdonas si llego a estas horas Pero salgo tarde en la emisora Y pens√©: ""¬øqu√© tal si paso por all√°?"" No voy a molestarte nena Porque nada quiero para m√≠ No has de saber mi amor que estoy as√≠ Enamorado Busc√°ndote en todos lados Sin se√±as, sin un recado Abandonado, viviendo al filo de tu amor Enamorado Dispuesto y apasionado Buscando para el mercado Desempleado y pasando filo por tu amor Enamorado Enamorado Busc√°ndote en todos lados Sin se√±as, sin un recado Abandonado, viviendo al filo de tu amor Enamorado Dispuesto y apasionado Buscando para el mercado Desempleado y pasando filo por tu amor Enamorado Busc√°ndote en todos lados Sin se√±as, sin un recado Abandonado, viviendo al filo de tu amor Enamorado Dispuesto y apasionado Buscando para el mercado Desempleado y pasando filo por tu amor Enamorado (Escucha Nueva York que te estoy cantando)",4,1NgX06Wg8smvvgw7JuELOZ,Al Filo de Tu Amor,2017-01-23,MIX LATIN POP¬∞,6IS6XTdbS9qJZgfjNKgpB8,latin,latin pop,0.7120000000000001,0.901,1.0,-4.699,0.0,0.0595,0.051,0.0,0.162,0.845,97.98,214072.0,es
3UNuVVGosJLfLCsWHEhr5U,Sorry,Aquilo,"The note you wrote upon the shell The frozen air in Silverdale My heart was breaking by the shore And I couldn't give you anymore And I'm still shaken, and crawling back again And all my brothers and all my sisters are gone I'm sorry that I let you go, I'm sorry that I cared I'm sorry that the feeling shows and I just wasn't there I'm reminded of the fool I was I cut you off and fucked it up again I'm sorry that I let you go, I'm sorry that I cared This pillow case smells of you And time itself stops to prove And for a moment, nothing changed And everything stays the same And I'm still shaking and crawling back again And all my brothers and all my sisters are gone I'm sorry that I let you go, I'm sorry that I cared I'm sorry that the feeling shows and I just wasn't there I'm reminded of the fool I was I cut you off and fucked it up again I'm sorry that I let you go, I'm sorry that I cared I left the light on so you could see me in the dark But then it blinded us and left us who we are I'm sorry that I let you go, I'm sorry that I cared I'm sorry that the feeling shows and I just wasn't there I'm reminded of the fool I was I cut you off and fucked it up again I'm sorry that I let you go, I'm sorry that I cared",5,2qMa1frD0Fhn5Tsa9CbE5M,Sorry,2016-11-11,Deep-deep Bubble Pop,744VClUYfFnZCDPcOUkg5G,pop,indie poptimism,0.32,0.295,2.0,-11.263,1.0,0.052,0.691,0.0,0.129,0.171,177.4,255205.0,en
2qIOlORAibicgvcVBv992k,Still Swingin',Papa Roach,"Yeah That's right Yeah yeah yeah Number one, stepping up Spit the fire, I'll back it up Count me in, I'll turn it out I'm killing it, you're burning out Never change, never break I'm the real, you're the fake Set it off, go underground You feeling it this future sound Nonstop, devastating everything On top, never coming down I've got my hands in everything Nonstop, I'm never coming down We're just living for today Keep our light on in the haze Yeah, forever we will stay We are the ones still swinging We are a beacon in the dark A lighthouse risen from the heart We've been here from the start We are the ones still swinging Yeah I'm dangerous, passionate Watch your back, they're stabbing it Hold on and hold tight I slash your faces every night We don't belong, never will Never cared, we always kill Set me off and I will attack 'Cause P Roach is the new black Nonstop, devastating everything On top, never coming down I've got my hands in everything Nonstop, I'm never coming down We're just living for today Keep our light on in the haze Yeah, forever we will stay We are the ones still swinging We are a beacon in the dark A lighthouse risen from the heart We've been here from the start We are the ones still swinging We are the ones still swinging We are the ones still swinging We are the ones still swinging We are the ones still swinging Nonstop, devastating everything On top, never coming down I've got my hands in everything Nonstop, I'm never coming down We're just living for today Keep our light on in the haze Yeah, forever we will stay We are the ones still swinging We are a beacon in the dark A lighthouse risen from the heart We've been here from the start We are the ones still swinging We are the ones still swinging We are the ones still swinging",0,4rUru08MiWf8LD2jynZeS8,The Connection,2012-10-02,Locker Room,37i9dQZF1DX8SaiEt4OVJw,edm,big room,0.57,0.888,1.0,-6.312,1.0,0.0572,0.000126,0.000149,0.138,0.679,139.006,203293.0,en
5kC6r4q71XMzsuLAYesseb,You - Ti√´sto vs. Twoloud Radio Edit,Galantis,"Hey, what's your name? Hey, what's your name? Cause I need to know Cause I need to know I've been high and I've been low Far beyond and far below Never seen you before If I die before I wake Promise me, remember me tomorrow Cause I'll remember you I'll remember you I'll remember you I'll remember you I'll remember you I'll remember you You Hey, what's your name? Hey, what's your name? Cause I need to know (I need to know) Cause I need to know I've been high and I've been low Far beyond and far below Never seen you before If I die before I wake Promise me, remember me tomorrow I've been high and I've been low Far beyond and far below Never seen you before If I die before I wake Promise me, remember me tomorrow Cause, cause, cause, cause Cause, cause, cause, cause I'll remember you I'll remember you I'll remember you You You",39,47IEMo3KwmUoiT0TW4VlF6,You (Ti√´sto vs. Twoloud Radio Edit),2014-04-28,"Electr√≥nica, Progressive House, Electro House y m√°s üéß",0o5gKmuET7F3lQnpFxvPO8,edm,progressive electro house,0.358,0.918,8.0,-3.071,0.0,0.054,0.00099,0.0073,0.1639999999999999,0.0936,127.942,215135.0,en
6y2GBwBg3jE70j5G1xDWxh,Milki,Akapellah,"Milki, ya la vaina mas pendeja cuesta milki Desde un pote e' fresco hasta una vara de creepy Si seguimos como vamos no se va a poder Nos vamos a joder Milki, ya la vaina mas pendeja cuesta milki Desde un pote e' fresco hasta una vara de creepy Si seguimos como vamos no se va a poder Nos vamos a joder El Hip-hop es una cultura, pero el rap es un g√©nero Si no haces un hit no facturas Yo lo entend√≠ pero ustedes no Quiero fortuna con m√©ritos A punta de temas in√©ditos Yo me conformo con fama (¬°NO!) Yo quiero un culto de s√©quitos¬øPor qu√© Dr. Dre s√≠ puede? ¬øPor qu√© Jay-Z s√≠ puede? ¬øPor qu√© Dj Khaled s√≠ puede? ¬øPor qu√© Billman y Kanye s√≠ pueden? Si lo m√≠o tambi√©n tiene level Si kp√∫ ve y conmigo la mueve ¬øPor qu√© tengo que ser un pelabolas? No sean maricos ustedes (¬°NO!) Quiero lucas pa' comprarle una casa a mi mam√° en Miami arrechisima Quiero lucas pa' ayudar a mi hermana a graduarse y la vaina est√° cr√≠tica La universidad sigue est√°tica Las autoridades son c√≠nicas De paso mataron a unos cuantos chamos marchando en la marcha pac√≠fica Milki, ya la vaina mas pendeja cuesta milki Desde un pote e' fresco hasta una vara de creepy Si seguimos como vamos no se va a poder Nos vamos a joder Milki, ya la vaina mas pendeja cuesta milki Desde un pote e' fresco hasta una vara de creepy Si seguimos como vamos no se va a poder Nos vamos a joder Pa' cuando tenga 30 quiero estar en california Que mi pur√© llegue a do√±a 'Toy enamorao' la m√∫sica es mi novia Yo estoy preparado para hacer historia Antes apestaba siempre, por eso ahora quiero la mejor colonia Antes no ten√≠a pa' comprar maco√±a Por eso ahora quiero las mejores mo√±as Quiero ganar, quiero ganar (¬°S√ç!) Quiero ganar, pa' entra pa' la tienda y gastar sin tener que pensar en ahorrar Pa' comprarle las Jordan a James, su Play, sus legos y toda sus monda Por las veces que tuvo que beberse un jugo porque su tetero no est√° Milki, ya la vaina mas pendeja cuesta milki Desde un pote e' fresco hasta una vara de creepy Si seguimos como vamos no se va a poder Nos vamos a joder Milki, ya la vaina mas pendeja cuesta milki Desde un pote e' fresco hasta una vara de creepy Si seguimos como vamos no se va a poder Nos vamos a joder",45,3Y337pd4EqT9OPLWPpHIXa,Milki,2016-08-23,HIP-HOP: Latin Rap ['89-present],5fWgI0IJ1el5NB1sZ0Egsx,latin,latin hip hop,0.907,0.455,3.0,-11.124,1.0,0.225,0.272,0.0366,0.0978,0.223,127.966,257026.0,es
3t0J8vI9StQD8KIBkT2Cp5,Tired - Kygo Remix,Alan Walker,"I see those tears in your eyes I feel so helpless inside Oh love, there's no need to hide Just let me love you when your heart is tired Cold hands, red eyes Packed two bags at midnight They've been there for weeks You don't know what goodbye means Just roll up a cigarette Just forget about this mess Been waiting on the sidelines From the sidelines I see those tears in your eyes And I feel so helpless inside Oh love, there's no need to hide Just let me love you when your heart is tired If your ghost pulls you apart And it feels like you've lost who you are My love, there's no need to hide Just let me love you when your heart is tired Just let me love you Just let me love you Just let me love you Just let me love you Just let me love you when your heart is tired When you whisper, I'm alright But I see through your white lies But these walls don't talk And if they could, they'd say Can't hide the secrets You can't forget about this mess I'm waiting on the sidelines From the sidelines I see those tears in your eyes And I feel so helpless inside Oh love, there's no need to hide Just let me love you when your heart is tired If your ghost pulls you apart And it feels like you've lost who you are My love, there's no need to hide Just let me love you when your heart is tired Just let me love you Just let me love you Just let me love you Just let me love you Just let me love you when your heart is tired I know those tears in your eyes And I feel so helpless inside My love, there's no need to hide Just let me love you when your heart is tired",63,1wRWIwbh1h8z7QUoZONvwT,Tired (Kygo Remix),2017-07-14,Tropical House,37i9dQZF1DX0AMssoUKCz7,latin,tropical,0.598,0.74,2.0,-7.391,1.0,0.0684,0.026,0.0,0.0895,0.342,123.945,240000.0,en
