id,track_name,track_artist,danceability,energy,loudness,mode,speechiness,acousticness,instrumentalness,liveness,valence,tempo,key_0,key_1,key_2,key_3,key_4,key_5,key_6,key_7,key_8,key_9,key_10,key_11,lyrics,similarity_score
06UXtRLTF6kdMSM3uaVCCU,In Only Seven Days - Remastered 2011,Queen,0.0627127241785574,0.06232000261814373,0.0,1,0.05873314569969891,0.06197637125278177,0.05848280174106558,0.05953004319937164,0.061829100667626646,0.9999999999999999,0,0,1,0,0,0,0,0,0,0,0,0,"Monday Start of my holiday Freedom for just one week Feels good to get away Ooh, ooh Tuesday Saw her down on the beach I stood and watched a while And she looked and smiled at me Wednesday, I didn't see her I hoped that she'd be back tomorrow And then on Thursday My luck had changed She stood there all alone I went and asked her name I never thought that this could happen to me In only seven days It would take a hundred or more For memories to fade I wish Friday Would last forever I held her close to me I couldn't bear to leave her there Saturday Just twenty-four hours Oh no, I'm going back home on Sunday I'm so sad Alone",0.9999998330806037
02DurCgOvDdX0uKEjqcl3W,Who Are You,The Who,0.0714984432223508,0.07136722058525297,0.0,1,0.06787848783804741,0.06938695169814023,0.0676193231297792,0.06797750128240306,0.07068128407315066,1.0,0,0,0,0,0,0,0,0,0,1,0,0,"Who are you? Who, who, who, who? Who are you? Who, who, who, who? Who are you? Who, who, who, who? Who are you? Who, who, who, who? I woke up in a Soho doorway A policeman knew my name He said ""You can go sleep at home tonight If you can get up and walk away""I staggered back to the underground And the breeze blew back my hair I remember throwing punches around And preaching from my chair Well, who are you? (Who are you? Who, who, who, who?) I really want to know (Who are you? Who, who, who, who?) Tell me who are you? (Who are you? Who, who, who, who?) Because I really want to know (Who are you? Who, who, who, who?) I took the tube back out of town Back to the Rolling Pin I felt a little like a dying clown With a streak of Rin Tin Tin I stretched back and I hiccupped And looked back on my busy day Eleven hours in the Tin Pan God, there's got to be another way Oh wa oh wa oh wa oh wa Well, who are you? (Who are you? Who, who, who, who?) Oh, who are you? (Who are you? Who, who, who, who?) Come on tell me who are you? (Who are you? Who, who, who, who?) Oh, who the fuck are you? (Who are you? Who, who, who, who?) Who are you? Ooh wa ooh wa ooh wa ooh wa ooh Ooh wa ooh wa ooh wa ooh wa ooh Ooh wa ooh wa ooh wa ooh wa ooh Ooh wa ooh wa ooh wa ooh wa ooh Ooh wa ooh wa ooh wa ooh wa ooh Ooh wa ooh wa ooh wa ooh wa ooh Who are you? Who, who, who, who? Who are you? Who, who, who, who? Who are you? Who, who, who, who? Who  are you? Who, who, who, who? I really want to know (Who are you? Who, who, who, who?) I really want to know (Who are you? Who, who, who, who?) Come on tell me who are you? (Who are you? Who, who, who, who?) Because I really want to know (Who are you? Who, who, who, who?) I know there's a place you walked Where love falls from the trees My heart is like a broken cup I only feel right on my knees I spit out like a sewer hole Yet still receive your kiss How can I measure up to anyone now After such a love as this? Well, who are you? (Who are you? Who, who, who, who?) Tell me whoa are you(Who are you? Who, who, who, who?) Oh, I really want to know (Who are you? Who, who, who, who?) Tell me, tell me, who are you? (Who are you? Who, who, who, who?) Come on, come on, who? (Who are you? Who, who, who, who?) Oh, who the fuck are you? (Who are you? Who, who, who, who?) Who are you? (Who are you? Who, who, who, who?) Oh, tell me who are you (Who are you? Who, who, who, who?) I really wanna know Oh, I really wanna know Come on tell me, who are you, you, you, you? Who are you?",0.999999818071478
6H4EbYO8f2Tc0ijzJ0tqZm,Summer Of '69,Bryan Adams,0.037375894913343866,0.03995714156502864,0.0,1,0.03415107598327408,0.033965309714810515,0.033862338150268914,0.034683327651343854,0.03885785053816558,1.0,0,0,1,0,0,0,0,0,0,0,0,0,"NA Devuélveme lo que me llevaste-e-e Tú mi corazón te robaste (-e) Dime cómo hago pa' dormir por la noche No hago nada más que pensarte (-arte) Dime, dime (Oh, oh), cómo quieres que te olvide Si vives, vives, en mi corazón tú vives Sé que te gusta que yo te bese Mientra' tú me ignora', la' gana' crecen No te olvide' que tu cuerpo me pertenece Y quiero repetírtelo, mai', muchas vece' (No, no, no, no) Yo sé que te gusta que yo te bese Mientra' tú me ignora', la' gana' crecen (Ah-ah, ah) No te olvide' que tu cuerpo me pertenece (Jaja) Y quiero repetírtelo, mai', muchas vece' (Ozuna), no, no, no, no Me dijo como yo nadie se lo hace De día me ignora y de noche quiere que pase A buscarla porque ella se siente sola Conmigo amaneció y al otro día faltó a clase Una mami con estilo tropical Quiere aparentar, ella conmigo no quiere estar Pero a nadie ella se lo quiere contar Que de solo pensar su cuerpo se empieza a calentar, no, no Sé que te gusta que yo te bese Mientra' tú me ignora', la' gana' crecen No te olvide' que tu cuerpo me pertenece Y quiero repetírtelo, mai', muchas vece' (No, no, no, no) Yo sé que te gusta que yo te bese Mientra' tú me ignora', la' gana' crecen (Ah-ah, ah) No te olvide' que tu cuerpo me pertenece Y quiero repetírtelo, mai', muchas vece', no, no, no, no Yo sé que yo me dejo llevar Devuélveme lo que te llevaste sin preguntar Y dime cómo yo hago pa' poderte olvidar Que cuando yo estoy solo te empiezo a recordar Avísame si quiere' algún día, aquí estaré Pero que no sea tarde, yo sé que superaré Del dolor que yo tenía el corazón me curaré Ya yo no te buscaré, prometo que te olvidaré Avísame si quiere' algún día, aquí estaré Pero que no sea tarde, yo sé que superaré Del dolor que yo tenía el corazón me curaré Ya yo no te buscaré, prometo que te olvidaré Devuélveme lo que me llevaste-e-e Tú mi corazón te robaste (-e) Dime cómo hago pa' dormir por la noche No hago nada más que pensarte (-arte) Dime, dime (Oh, oh), cómo quieres que te olvide Si vives, vives, en mi corazón tú vives Sé que te gusta que yo te bese Mientra' tú me ignora' (-ra'), la' gana' crecen No te olvide' que tu cuerpo me pertenece Y quiero repetírtelo, mai', muchas vece' (No, no, no, no) Yo sé que te gusta que yo te bese Mientra' tú me ignora', la' gana' crecen (Ah-ah, ah) No te olvide' que tu cuerpo me pertenece Y quiero repetírtelo, mai', muchas vece', no, no, no, no",0.999999816431827
5e0vgBWfwToyphURwynSXa,Run Away With Me,Carly Rae Jepsen,0.04873602723885391,0.04998072722600539,0.0,1,0.044588365668765256,0.04430810741359373,0.04420834671720416,0.044637350636001535,0.046222536297057686,1.0,0,1,0,0,0,0,0,0,0,0,0,0,"I can see it in your eyes You're locking out your mind You wanna turn around and run I wanna say this every time When I'm wavey from the wine But I always bite my tongue I know you been through some shit What's love got to do with it? It's okay, we've all been hurt before You tell me, ""That's the lesson learned"" You played with fire, you got burned You got burned, yeah, you got burned Don't be scared of love Baby, you got some bruises like the rest of us I got you, I got you Don't be scared of love Maybe you got some bruises, but when it gets too tough I got you, I got you Don't be scared Don't be scared of love Don't be scared of love Don't be scared Don't be scared Even when you're down or when you're hopeless I'll be there for you to make sure you're blessed You ain't gotta ride for me, I'll ride for you (For you) I don't even really want you to say Too much 'cause I know the feeling of pain I just wanna make sure that you stay cute (Oh, oh, oh) 'Cause in the early morning You get stressed and don't come out I'm right here, I'm fighting with you (Oh, oh, oh) Dem couldn't ever walk in your shoes Dem couldn't ever take your shine So don't be scared of love (Ooh) Don't be scared of love Baby, you got some bruises like the rest of us I got you, I got you Don't be scared of love Maybe you got some bruises, but when it gets too tough I got you, I got you Don't be scared Don't be scared of love No, don't be scared of love (Don't be scared) Said don't be scared Don't be scared I got you and I know how you feel Can see inside your head (Oh) I got you and I know how you feel Just call me and I'll be there (I got you) I got you and I know how you feel (I got you) Can see inside your head (I got you) I got you and I know how you feel Just call me and I'll be there Don't be scared of love Baby, you got some bruises like the rest of us I got you, I got you Don't be scared of love Maybe you got some bruises, but when it gets too tough I got you, I got you Don't be scared Don't be scared (Don't be scared, don't be scared) Said don't be scared of love (I got you, I got you) Don't be scared Don't be scared",0.9999998073228422
0HkcFsicQMIumVpNNde204,Mo Better,Raheem DeVaughn,0.06970744826829135,0.06951142057349863,0.0,1,0.06695835587651824,0.07128351093442482,0.06670430398406688,0.06730493284091177,0.06810002117099105,1.0,0,1,0,0,0,0,0,0,0,0,0,0,"Calling all cars, calling all cars... Be on the lookout for a tall light-skinned brother with dimples Wearing a black Kangol, sweatsuit, gold chain, and sneakers.Last seen on Farmers Boulevard headed east. Alias L.L. Cool J. He's bad... Aaaahhhhhhhhhh No rapper can rap quite like I can I'll take a musclebound man and put his face in the sand Not the last Mafioso, I'm a MC cop Make you say ""Go LL,"" and do the wop If you think you can outrhyme me, yeah boy I bet Cause I ain't met a motherfucker who can do that yet Trendsetter, I'm better, my rhymes are good I got a gold nameplate that says ""I wish you would"" And when rappers begin then I gotta join in and Before my rhyme is over, you know I'mma win Cool J has arrived so you better make way Ask anybody in the crowd, they say the kid don't play Slaughter competition, that's my hobby and job I don't wear a disguise because I don't owe the mob Got a pinpoint rap that makes you feel trapped So many girls on my jock, I think my phone is tapped I'm bad Cool J, Cool J, Cool J, Cool J, Cool J, Cool J I'm like Tyson, icin', I'm a soldier at war I'm makin' sure you don't try to battle me no more Got concrete rhymes, been rappin' for ten years and Even when I'm bragging, I'm bein' sincere! Emcees can't win, I make 'em rust like tin They call me 'Jaws,' my hat is like a shark's fin Because I'm bad as can be, got my voice on wax Some brothers think he's making records, now he must have relaxed I couldn't, I shouldn't, and it'll stay that way The best rapper you've heard is LL Cool JKamikaze, take a look at what I've done Used to rock in my basement, now I'm number one And can happen on time, never standin' on line You wanna try me? First you better learn how to rhyme I'm the pinnacle; that means I reign supreme And I'm notorious; I'll crush you like a jellybean! NA I eliminate punks, cut 'em up in chunks You were souped, you heard me, and your ego shrunk I'm devastating I'm so good it's a shame Cause I eat rappers like a cannibal they call me insane I'm as strong as a bull of course you know why I pull I enjoy what I'm doing plus I'm paid in full Not Buckaroo Banzai, but bustin' out as I Say the kind of rhymes that make MC's with that I'd die Never retire or put my mic on the shelf The baddest rapper in the history of rap itself Not bitter or mad, just provin' I'm bad You want a hit? Give me a hour plus a pen and a pad! MC's retreat, cause they know I can beat 'em And eat 'em in a battle and the ref won't cheat 'em I'm the baddest! Takin' out all rookies So forget Oreos, eat Cool J cookies, I'm bad! Cool J, Cool J,Cool J,Cool J, Cool J,Cool J Never ever no never Never wearin' no Levis, battle me why try? I'll treat you like a stepchild so tell mommy ""bye bye"" Slaughterin' MC's and I'mma never get whipped When I retire I'll get worshipped like a old battleship LL I'm bad, all the rappers know When I enter the center they say, 'Yo, yo there he go!' My paycheck's large Mr. Bogart in charge Not a puncher or hunter from a raccoon lodge The original Todd, teachin' how to be hard Take the skin off a snake, and split a pea from a pod You're a novice I'm noble and I decipher my tongue Not Attila the Hun, nor Abdullah his son My vocals exact, like rack and pinion in a Jag You try to brag, you get your rhymes from a grab-bag No good scavenger, catfish vulture My tongue's a chisel and this composition's sculpture, I'm bad! (Think I'm gonna need backup) (Think I'm gonna need backup) Gimme that walkie-talkie! Yo this is LL Cool J And you'll never catch me so don't even try it Cause I'm too bad for ya, understand?! Aaaaaahhhh... I'm bad!",0.9999997958739055
77sL9aTrzWzv7uyTgMZYb3,For All My Ladies,Trick Daddy,0.053945323214775534,0.05327481637255799,0.0,0,0.048375544786809305,0.047782755783121515,0.047400279174667034,0.04865746243637804,0.05292432415958063,1.0,0,1,0,0,0,0,0,0,0,0,0,0,Whoo-hoo... Whoo-hoo... Walking home in the rain And blood runs cold in my veins News from a distance shore Blues like never before The moon is new The moon is full The moon is blue The moon is cruel Painted moon Coming to the rescue Angels from another world Love is here to stay So the angels say Running to the rescue Angels flying up above Phantoms in the bay While the natives pray To the painted moon I wash my face and get dressed And time cuts into my wrist So who invents our dreams The hands that hold the machine The moon is blue The moon is cruel Painted moon Coming to the rescue Angels from another world Love is here to stay So the angels say Running to the rescue Angels flying up above Phantoms in the bay While the natives pray To the painted moon Painted moon Painted moon Painted moon Coming to the rescue Angels from another world Love is here to stay So the angels say Running to the rescue Angels flying up above Phantoms in the bay While the natives pray To the painted moon Ooh-ooh-ooh... Painted moon Painted moon Ooh-ooh-ooh... Painted moon Painted moon I said...,0.9999997892832517
1RqpijoxxQJ9FWS1V56DeE,MARY JANE,Night Lovell,0.0708122499616666,0.06934861093686838,0.0,0,0.06621084765608665,0.06848436694127323,0.06594071564978603,0.06686042459471139,0.06645548446451721,1.0,0,1,0,0,0,0,0,0,0,0,0,0,"Wheezy outta here Run that back, Turbo Yeah Stack them hunnids up like Lego (Lego) Remember I had to charge my bro for petrol (Petrol) Came a long way trappin' off a metro (Metro) Ain't that same young nigga from the ghetto (Ghetto) Still got rounds, I can't let go (Let go) Really anytime I smoke the best dope (Best dope) I pop off a tag when I change clothes (Change clothes) Ain't that same young nigga from the ghetto (Ghetto) I done made this drip a series (Series) I can see these diamonds clear like HD (Clear like HD) Carats in my ear, why can't you hear me? (Run that back, Turbo) My Balmain busted and my jeans Amiri (Wheezy outta here) Won't touch you once but still can make you feel me (Feel me) He feel hot but then walk right in a D&G (Yah) Got three condos, I still won't give my bitch a key (Nah) To all promoters, get the presidential suite (Presidential suite) Sold out shows, this shit litty (Litty) These bitches love it when I'm in they city (City) I'ma buy a Rolls and a Bentley (Rolls and a Bentley) Told doctor, ""Get that syrup out my kidney"" (Kidney) Stack them hunnids up like Lego (Lego) Remember I had to charge my bro for petrol (Petrol) Came a long way trappin' off a metro (Metro) Ain't that same young nigga from the ghetto (Ghetto) Still got rounds, I can't let go (Let go) Really anytime I smoke the best dope (Best dope) I pop off a tag when I change clothes (When I change clothes) Ain't that same young nigga from the ghetto (Ghetto) Spend a lotta money on some damn clothes (Spend some money on that) Spend a lotta money on some damn clothes (Yeah, yeah yeah) Fendi on my body, ho, no plain clothes (Run that back, Turbo) East Atlanta kickin', smokin' big dope (Wheezy outta here) I want a Ferrari and a Range Rover (A Ferrari and a Range Rover) That bih got a boy so she gon' lay low (That boy got no mansion, he don't) That boy just a lick, we serve him Karo (That boy doesn't listen, he don't) Cut that bitch right off, I feel like Van Gogh (Cut that bitch off, I feel like Van Gogh) Diamonds on me dancing, where's the dance floor? (Dance floor) Walk down on an opp and let that thang go (Yeah, yeah, yeah) 50 K on my back end, I did a late show (Yeah, yeah yeah) Yeah Stack them hunnids up like Lego (Lego) Remember I had to charge my bro for petrol (Petrol) Came a long way trappin' off a metro (Metro) Ain't that same young nigga from the ghetto (Ghetto) Still got rounds, I can't let go (Let go) Really anytime I smoke the best dope (Best dope) I pop off a tag when I change clothes (Change clothes) Ain't that same young nigga from the ghetto (Ghetto)",0.9999997705189594
2rbsEUWhJoC1fwTFihoOWI,Turn to Stone,Electric Light Orchestra,0.06849405942564497,0.06963507426547169,0.0,0,0.06513005579031862,0.06531381224998839,0.06486027211877168,0.06556855044678692,0.06789701677689843,1.0,0,1,0,0,0,0,0,0,0,0,0,0,"Yeah (Rich Homie) Quan (What's funny?) These niggas throwing slick shots like You know me? I go direct with it Ya feel me Put her name on it, nigga You know it was hard to hear at first I couldn't understand what you sayin' And these bitches bound to get hurt ‘Cause a lot of these niggas be playin'And I fuck with shorty on the low And I know she know I'm the man So that extra shit gotta go She probably don't know that I fucked her friend If she ask about it I'm a be like, “Blah blah blah blah” When she try to argue with me I be like, “Blah blah blah blah” Trying to get back with me I be like, “Hell nah nah nah” And we ain't talking about no money I'm like, “Blah blah blah blah” Small talk I don't do that Get rich homie, you knew that It's a damn shame, I don't gang bang But I beat a nigga blue black I'm in the old school, no do-rag Them old folk like how you do that? He ain't fooling me, this ain't new to me That ain't an Aston Martin, that's a new Jag But it clean, though And if you're late on the payment, boy, that shit get repo'd And your bitch easy, ha I got her on the line and I'm in her like a free throw Getting deep throat, at the Fontainebleau We running trains on these freak hoes And I told my nigga that I decoded “Blah blah blah blah”Quit going in on these niggas I won't stop stop stop stop Keep putting my money over these bitches ‘Til I'm at the top top top top And you niggas can't stop my vision Don't know what you thought thought thought thought And I ball ball ball ball Everything I got's all good You know it was hard to hear at first I couldn't understand what you sayin' And these bitches bound to get hurt ‘Cause a lot of these niggas be playin' And I fuck with shorty on the low And I know she know I'm the man So that extra shit gotta go She probably don't know that I fucked her friend (ok) If she ask about it I'm a be like, “Blah blah blah blah” When she try to argue with me I be like, “Blah blah blah blah” Trying to get back with me I be like, “Hell nah nah nah” And we ain't talking about no money I'm like, “Blah blah blah blah” “Blah blah blah blah” That's how it sound when these bitches talk “Rah rah rah rah” When a nigga flexin that's what we call it Like “Hell nah nah nah” And these real diamonds, I ain't fake connected I'm like five nine feet tall Heart of a lion, he ain't takin' that You nigga talking like ho That's why I can't fuck with you Doing shows all around the globe ‘Cause everybody fuck with me Fuck nigga You'll be in the front nigga I'll show you what's up nigga Fuck nigga Ain't never said that shit's bad Trying to keep it one hunna And I tried to show love with you That's the main reason why I don't trust niggas (trust) Standin' under landing bridges still above these niggas I'm no beginner Don't I spit it like a vet, nigga? That nigga talkin' like a ho Tell that bitch nigga speak up You know it was hard to hear at first I couldn't understand what you sayin' And these bitches bound to get hurt ‘Cause a lot of these niggas be playin' And I fuck with shorty on the low And I know she know I'm the man So that extra shit gotta go She probably don't know that I fucked her friend (ok) If she ask about it I'm a be like, “Blah blah blah blah” When she try to argue with me I be like, “Blah blah blah blah” Trying to get back with me I be like, “Hell nah nah nah” And we ain't talking about no money I'm like, “Blah blah blah blah” Bitch I'm a baby",0.999999741389859
3neBAEV5Tkp4BrKv85xysR,Don't Worry (feat. Ray Dalton) - Matoma Remix,Madcon,0.04386932275901984,0.04441680940425632,0.0,1,0.038202835980822324,0.03766974041311778,0.037663061076045896,0.03904361904314977,0.04164026998912848,1.0,1,0,0,0,0,0,0,0,0,0,0,0,"You've got the whole world watching like you wanted to High heels and lace like toxin They are addicted to you You've got the whole world watching like you wanted to Fresh ink and peacock talking They're all over you Limelights with a shine in your drink Looks nice didn't get it from me I see, I see, I see you say It's just for fun, it's just for play To keep me jealous Four seconds hugs, too little space To keep me jealous To keep me jealous I used love our mind games make me feel alive They got old and we're the same Just you, our love and I Limelight put a shine on your skin Looks nice don't you keep it from me I see, I see, I see you say It's just for fun, it's just for play To keep me jealous Four seconds hugs, too little space To keep me jealous To keep me jealous I think we're desperate for the fire, fire Can't let the heart rest 'cause it's tired, tired Baby, call me crazy but I think maybe we need it So keep me jealous Keep me jealous It's just for fun, it's just for play To keep me jealous Four seconds hugs too little space To keep me jealous It's just for fun, it's just for play To keep me jealous Four seconds hugs, too little space To keep me jealous",0.9999996709438297
7d1eEz2jOjE7wPIn5LLRmc,Like A Rolling Stone - Edit,The Rolling Stones,0.04507074073028155,0.04939143204089124,0.0,1,0.04126966196944452,0.04094113881750491,0.04081661818832189,0.043705816460045364,0.04565436352169288,0.9999999999999999,1,0,0,0,0,0,0,0,0,0,0,0,"This that sick rap, kick back, come to where I pitch at Where bitches love The Game like Tyson Beckford six pack Presidential Rollie, nigga, where your wrist at? I can kill you in four bars, that's a Kit Kat Did the Lambo my way with a sick wrap Smooth as Frank Sinatra with a motherfucking slick back No rats in my pack, ain't no wrinkles in my slacks Counting singles in my Shaqs, stacking Pringles from the crack Nigga I was on the bus with it Had 12 stuck to my chest in the field with the colt Andrew Luck with it We had the rock, hit the block like what's up with it Jay was in the Z, my young gunnas in the truck with it Sigel would've loved it, Philly would've fucked with it California state property you niggas stuck with it Brrrring, sold Peedi Crakk Game was on the block in his beanie with a Mac I'm what you rap niggas 'fraid of A Compton nigga that could go bar for bar with Jada Let me tell you who suck, like banana Now or Laters Blac Chyna head the bomb, al-Qaeda Listen, you want beef I'll cater Game snap on everything he like a fucking wild gator Silver and black Ghost, nigga that's Al Davis Give me Left Eye back, take Fetty Wap and the Raiders The Rams is back, them bullets getting tossed 16 on your back like you fucking Jeff Goff Your man acting girly too put 30 on his chest Kanye shrug bitch, welcome to the west YG, Nipsey, and Kendrick yea check Shout 'em out I just do it like a fucking Nike rep Bentley truck Chuck, with the Henny cupped up Don't get me fucked up, you see the semi tucked, duck Pass the Goose, where them duck ducks? These hoes foaming at the mouth, they got Penny fucked up I'm 'bout to poke 'em like a cactus Told that bitch to roll the Philly for the game, and she talking about practice The Maybach is A.IArtificial intelligence motherfucker that's Junior Seau All my doors suicide, I'm in Vegas shoot the five Tell the dealer pay me don't be shy he ain't from Do or Die Now do you wanna ride, back seat of my Caddy? Used to flip them pies ain't no relation to Patti And I move Ps, ain't no relation to Swaggy Before that it was missing teeth and nickel sack baggies That's caine, no daddy cause I ain't really have one And you can't call yourself dope if you ain't never bag none I'm the old DMX you niggas Drag-OnGame raw as fuck like poking holes in the Magnum Used to ether the niggas in all of my 16s Now I scare 'em once a year like I'm fucking Halloween This ain't a dream, nigga hurricane a nightmare Stab you in your sleep and smack your baby out his highchair Your daddy was a bitch, I had to do it I ain't need no ski mask to do it Murder is Rihanna and I'm attracted to it Name a state, I'll send a package through it If the fed hack into it, they get bossed on like I'm Massachusetts Huh!Sitting in this Maybach with music Your head is like Mustard beat and I'll put the ratchet to it PARTY sent my jackas to it Drama bring the Mac into it And this scope will get your mouth washed when I attach it to it Gold on my neck, I make your bitch put her back into it Usain Bolt if you bring a real track into it Another classic moving the way to Aftermath to do it Dre had the Chronic all I did was put the matches to it Traffic moving backwards through it Ever since I had the Buick Known for putting cheese on niggas heads the way the Packers do it And I had the yay, yea I brought crack to music Every situation in rap, I've been a savage through it And all these hoes getting mad cause I'm smashing through 'em They can get a ring one day, if the Cavs can do it Be LeBron bitch, I'm Jayceon bitch Who else you seen parked at the swap meet in James Bond shit? Another foreign car driven by a convict Aventador matte black Akon lips Nas ether niggas, Game napalm shit Niggas say my name I pop up like the State Farm bitch No nigga can see me, on or off TVGum bottom Yeezys, I'm the 6' 5"" Eazy Lightskin bitches be mad and talking greasy I'ma start fucking them Dej Loafs and Dreezy's I'ma start beefing with Cole, Drizzy and Cornrow Kenny Or you could pick your favorite rapper, and he gon' be pouring out Henny I got a bitch from Minne-Apolis pack a semi Bang the ratchet at Denny's and fly herself back to Philly She got a couple mill and she don't even know Meek And ever since that nigga snitched on me we just don't speak See that shit you got with Drake is like a slow leak Blood'll be dripping like Niagara if I poke Meek Nicki won't get no sleep, I'm coming through at 4 a.m Four deep, to leave his dead body on the soaked sheets It could happen lowkey You better have Ross call me or you gon' be eye level with a roach feet This ain't a diss, nigga This is all lives matter except this nigga's This 1992 shit ain't no new shit We in that all black you won't know who Blood and who Crip With guns big enough to sink a fucking cruise ship Fuck around and be a news clip with them loose lips My nigga Drizzy packed you out and you ain't do shit This the Golden State and my shooters ain't on no hoop shit Nigga, you know that I'll snap you like a toothpick And snitching on niggas ain't never been no cool shit And I've been wanting to give Nicki this pool stick So tell your lil' vivrant thing come fuck with Q-Tip We know where you live, nigga, you better move quick And start thinking twice about who you hop in the coupe with",0.9999996579874378
5WSsTyBvMEFG3ac6JKb9gY,Wind of Change,Scorpions,0.07435500895991361,0.07585241917666986,0.0,1,0.06865503105285123,0.06839126592532588,0.06832854653018142,0.06964184893340207,0.07047647102143016,1.0000000000000002,1,0,0,0,0,0,0,0,0,0,0,0,"Keep your chin up when you're feeling lonely Don't let 'em get you down Ain't no use in your sitting all alone, hanging around For someone to call, oo-oo-ooh, they won't come knocking at all Don't run and hide, even if it hurts you inside So I said, ""give as good as you get"" Yeah! If you can't beat 'em, join 'em You'd better do it 'cause it makes you feel good If you can't beat 'em, join 'em You're never gonna help yourself Yeah Come on, go Get up! Hey-hey! It sure feels good Keep your big hands off of my money Don't try and pull me down You're taking me out to wine and dine me, trying to wind Me 'round and around and bind me to your legal contract (Ha ha!) Rumour has it that you can play it dirty I'll tell you what I'll do about that, that yeah! I'll play you at your own game! Yes If you can't beat 'em, join 'em You'd better do it 'cause it makes you feel good If you can't beat 'em, join 'em You're never gonna help yourself Yeah That's good Play it again! NA If you can't beat 'em, join 'em Oh, you'd better do it 'cause it makes you feel good If you can't beat 'em, join 'em It's everyone for themselves! Move on out! Hey! Hey Oh, I like it! Rock 'n' Roll ready! Yeah Woo-hoo!",0.9999996384819647
6iMoJ3UdrO2ZjzzcaN8Eom,Somebody,Sigala,0.04344312759735263,0.04511697706633832,0.0,1,0.037599084192704336,0.03785208557795906,0.0369497460366323,0.03811374480529476,0.04350084654455903,1.0000000000000002,1,0,0,0,0,0,0,0,0,0,0,0,"Double D Big full breasts on my baby Triple weight Couldn't weigh the love I've got for the girl And I just wanna know Why you ain't been going to work Boss ain't working you like this He can't take care of you like this Now you're lost Lost in the heat of it all Girl you know you're lost Lost in the thrill of it all Miami, Amsterdam, Tokyo, Spain, lost Los Angeles, India, lost on a train, lost Got on my buttercream silk shirt and it's Versace Hand me my triple weight So I can weigh the work I got on your girl No I don't really wish I don't wish the titties would show Nor have I ever, have I ever let you get caught? Lost Lost in the heat of it all Girl you know you're lost Lost in the thrill of it all Miami, Amsterdam, Tokyo, Spain, lost Los Angeles, India, lost on a train, lost She's at a stove Can't believe I got her out here cooking dope (cooking dope) I promise she'll be whipping up meals for a family of her own some day Nothing wrong No, nothing wrong with a lie Nothing wrong With another short plane ride Through the sky You and I Lost Lost in the heat of it all Girl you know you're lost Lost in the thrill of it all Miami, Amsterdam, Tokyo, Spain, lost Los Angeles, India, lost on a train, lost Love lost Lost in the heat of it all Girl you know you're lost Lost in the thrill of it all",0.9999996000658793
5he7AYCR3MGloRnuWEMroT,This Picture,Placebo,0.0470261774961937,0.04977653356907814,0.0,1,0.04441026963312215,0.044190399538333085,0.04447780069741172,0.04471968469132164,0.047971612396247726,0.9999999999999999,0,1,0,0,0,0,0,0,0,0,0,0,"You... Never knew me at all, now did you? A-A-All the details I drink to it, oh, oh, why so true? I don't know, I don't know If it's any different from before And I don't know, I don't know If you got what you were looking for Change of coast, change of heart And I, I knew it from the start You had a change of heart A change of coast, a change of heart And I, I knew it from the start You will change your heart Through Every little low he gave another chance too You got sunlight And you got two open eyes and whatever's left I don't know I don't know, it's all you've ever spoken of So, you had to go You had to go and find whatever show you were A change of coast, change of heart And I, I knew it from the start You gonna change your heart Change of coast, change of heart And I, I knew it from the start You gonna change your heart Change of coast, change of heart And I, I knew it from the start You gonna change your heart Change of coast, change of heart And I, I knew it from the start You gonna change your heart",0.9999995985139347
2L6orAlH8tBhiFTumIfMyF,Call on Me - Ryan Riback Remix,Starley,0.04311696887983931,0.04465784332608756,0.0,1,0.03730383659393373,0.03752579588916711,0.036977418851865104,0.038430142439167564,0.04354804684992067,0.9999999999999999,1,0,0,0,0,0,0,0,0,0,0,0,Ever seen a speeding bullet Ever found yourself too deep I can't seem to break this habit Regretting what I just can't keep Comfortably numb til the dark's a familiar place Each step that I take is a journey to my faith There ain't no way I'm escaping This prison I'm in There ain't no one left to save me Cause I'm wild like I'm wild like the wind I'm wild like the wind I'm wild like the wind I can see that freight train coming I can see it all from here My pain's become my only weapon Learned to stand behind my fear Comfortably numb til the dark's a familiar place Each step that I take is a journey to my faith The good inside me is a stanger And I'm in love with my sins There ain't no one left to save me Cause I'm wild like the wind There ain't no way i'm escaping This prison I'm in There ain't no one left to save me Cause I'm wild like I'm wild like the wind I'm wild like the wind I'm wild like the wind I'm wild like the wind I'm wild like the wind,0.9999995936341055
7zxLkZbUxITHabPzGN8Xgc,Sick Feeling,boy pablo,0.05931032129267836,0.05975964190853199,0.0,1,0.0570716808572355,0.05701821739155165,0.056893111971835005,0.05895768992327425,0.05918519403256722,1.0,0,0,0,0,0,0,0,0,0,1,0,0,"Open your heart, now you're mine Here in the dark, we're fireflies Open your heart and feel the life I've never felt like this before I've never felt like this before Open your heart and feel the life We're fireflies We're fireflies We're fireflies I've never felt like this before I've never felt like this before Open your heart and feel the life We're fireflies Open your heart, now you're mine Here in the dark, we're fireflies Open your heart and feel the life I've never felt like this before I've never felt like this before Open your heart and feel the life We're fireflies We're fireflies We're fireflies I've never felt like this before I've never felt like this before Open your heart and feel the life We're fireflies We're fireflies We're fireflies",0.9999995793374041
5lIat5pyge2yKkV20FlgQ7,Little Do You Know,Campsite Dream,0.06462999871096965,0.06521502017828282,0.0,1,0.058152125412737614,0.05853288514739567,0.057708897284112215,0.05964244281167268,0.061169447997540934,1.0,1,0,0,0,0,0,0,0,0,0,0,0,"Am I out of my head? Am I out of my mind? If you only knew the bad things I like Don't think that I can explain it What can I say, it's complicated Don't matter what you say Don't matter what you do I only wanna do bad things to you So good, that you can't explain it What can I say, it's complicated Nothing's that bad If it feels good So you come back Like I knew you would And we're both wild And the night's young And you're my drug Breathe you in 'til my face numb Drop it down to that bass drum I got what you dream about Nails scratchin' my back tatt Eyes closed while you scream out And you keep me in with those hips While my teeth sink in those lips While your body's giving me life And you suffocate in my kiss Then you said I want you forever Even when we're not together Scars on my body so I can take you wherever I want you forever Even when we're not together Scars on my body I can look at you whenever Am I out of my head? Am I out of my mind? If you only knew the bad things I like Don't think that I can explain it What can I say, it's complicated Don't matter what you say Don't matter what you do I only wanna do bad things to you So good, that you can't explain it What can I say, it's complicated I can't explain it I love the pain And I love the way your breath Numbs me like novacaine And we are Always high Keep it strange Okay, yeah, I'm insane But you the same Let me paint the picture Couch by the kitchen Nothin' but your heels on Losin' our religion You're my pretty little vixen And I'm the voice inside your head That keeps telling you to listen to all the bad things I say And you said I want you forever Even when we're not together Scars on my body so I can take you wherever I want you forever Even when we're not together Scars on my body I can look at you whenever Am I out of my head? Am I out of my mind? If you only knew the bad things I like Don't think that I can explain it What can I say, it's complicated Don't matter what you say Don't matter what you do I only wanna do bad things to you So good, that you can't explain it What can I say, it's complicated The way we love, is so unique And when we touch, I'm shivering And no one has to get it Just you and me Cause we're just living Between the sheets I want you forever Even when we're not together Scars on my body so I can take you wherever I want you forever Even when we're not together Scars on my body I can look at you whenever Am I out of my head? Am I out of my mind? If you only knew the bad things I like Don't think that I can explain it What can I say, it's complicated Don't matter what you say Don't matter what you do I only wanna do bad things to you So good, that you can't explain it What can I say, it's complicated Am I out of my head? Am I out of my mind? If you only knew the bad things I like Don't think that I can explain it What can I say, it's complicated Don't matter what you say Don't matter what you do I only wanna do bad things to you So good, that you can't explain it What can I say, it's complicated Nothing's that bad If it feels good So you come back Like I knew you would And we're both wild And the night's young And you're my drug Breathe you in 'til my face numb Drop it down to that bass drum I got what you dream about Nails scratchin' my back tatt Eyes closed while you scream out And you keep me in with those hips While my teeth sink in those lips While your body's giving me life And you suffocate in my kiss Then you said I want you forever Even when we're not together Scars on my body so I can take you wherever I want you forever Even when we're not together Scars on my body I can look at you whenever Am I out of my head? Am I out of my mind? If you only knew the bad things I like Don't think that I can explain it What can I say, it's complicated Don't matter what you say Don't matter what you do I only wanna do bad things to you So good, that you can't explain it What can I say, it's complicated I can't explain it I love the pain And I love the way your breath Numbs me like novacaine And we are Always high Keep it strange Okay, yeah, I'm insane But you the same Let me paint the picture Couch by the kitchen Nothin' but your heels on Losin' our religion You're my pretty little vixen And I'm the voice inside your head That keeps telling you to listen to all the bad things I say And you said I want you forever Even when we're not together Scars on my body so I can take you wherever I want you forever Even when we're not together Scars on my body I can look at you whenever Am I out of my head? Am I out of my mind? If you only knew the bad things I like Don't think that I can explain it What can I say, it's complicated Don't matter what you say Don't matter what you do I only wanna do bad things to you So good, that you can't explain it What can I say, it's complicated The way we love, is so unique And when we touch, I'm shivering And no one has to get it Just you and me Cause we're just living Between the sheets I want you forever Even when we're not together Scars on my body so I can take you wherever I want you forever Even when we're not together Scars on my body I can look at you whenever Am I out of my head? Am I out of my mind? If you only knew the bad things I like Don't think that I can explain it What can I say, it's complicated Don't matter what you say Don't matter what you do I only wanna do bad things to you So good, that you can't explain it What can I say, it's complicated",0.9999995779285322
4DTLlMqz8grnPEQZL0DzfE,Summertime,Sam Cooke,0.09572649572649572,0.09332429684852592,0.0,0,0.09109755638389999,0.09640423208705146,0.09085442750103542,0.09183327685530328,0.09382883391693964,1.0,0,0,0,0,0,0,1,0,0,0,0,0,"De mi tierra bella, de mi tierra santa Oigo ese grito de los tambores y los timbales al cumbanchar Y ese pregón que canta un hermano, que de su tierra vive lejano Y que el recuerdo le hace llorar, una canción que vive entonando De su dolor, de su propio llanto, y se le escucha penar La tierra te duele, la tierra te da En medio del alma cuando tú no estásLa tierra te empuja de raíz y cal La tierra suspira si no te ve másLa tierra donde naciste no la puedes olvidar Porque tiene tus raíces y lo que dejas atrásLa tierra te duele, la tierra te da En medio del alma cuando tú no estás Siguen los pregones, la melancolíaY cada noche junto a la luna sigue el guajiro entonando el son Y cada calle que va a mi pueblo, tiene un quejido, tiene un lamento Tiene nostalgia como su voz Y esa canción que sigue entonando Corre en la sangre y sigue llegando con más fuerza al corazónLa tierra te duele, la tierra te da En medio del alma cuando tú no estás La tierra te empuja de raíz y cal La tierra suspira si no te ve másTiene un quejido, tiene un lamento Nunca la olvido, la llevo en mi sentimiento, ¡si señor! Oigo ese grito, vive el recuerdo Corre en mi sangre, la llevo por dentro ¡como no! Canto de mi tierra bella y santa, sufro ese dolor que hay en su alma Aunque esté lejos yo la siento, y un día regreso, yo lo séSiguen los pregones, la melancolíaY cada noche junto a la luna sigue el guajiro entonando el son Y cada calle que va a mi pueblo, tiene un quejido, tiene un lamento Tiene nostalgia como su voz Me llega con fuerza al corazón La tierra te duele, la tierra te da En medio del alma cuando tú no estás La tierra te empuja de raíz y cal La tierra suspira si no te ve más",0.9999995546645594
5bpaHLJ08GNBKW35ZfCYJy,Hello Sunshine,Bruce Springsteen,0.08315427589170604,0.08232549573331695,0.0,1,0.07920989624900238,0.08232549573331695,0.07930428510037447,0.08043771870587511,0.0810669777150224,1.0,0,0,1,0,0,0,0,0,0,0,0,0,"NA I heard the news baby All about your disease Yeah, you may have all you want baby But I got somethin' you need. Oh, yeah! Ain't talkin' 'bout love My love is rotten to the core Ain't talkin' 'bout love Just like I told you before. Yeah, before You know you're semi-good lookin' And on the streets again Ooh yeah, you think you're really cookin' baby You better find yourself a friend, my friend Ain't talkin' 'bout love My love is rotten to the core Ain't gonna talk about love Just like I told you before! Before! Uh, before! Uh, before! Before! Ain't talkin' 'bout love Babe, it's rotten to the core Ain't talkin' bout love Just like I told you before. Uh, before I been to the edge And there I stood and looked down You know I lost a lot of friends there baby I got no time to mess around Mmm, so if you want it, got to bleed for it baby Yeah! Got to, got to bleed, baby Mmm, you got to, got to bleed, baby Hey! Got to, got to bleed baby Ain't talkin' 'bout love My love is rotten to the core Ain't talkin' 'bout love Just like I told you before! Before! Before! Ain't talkin' 'bout love Don't wanna talk about love Don't need to talk about love Ain't gonna talk about love No more! No more! Ahhh! Hey, hey, hey! Hey, hey, hey! Hey, hey, hey! Hey, hey, hey! Hey, hey, hey! Hey, hey, hey! Hey, hey, hey! Hey, hey, hey! Hey, hey, hey!",0.9999995455485537
63U6DJ2Q7alA97eUkFdwDv,Sucédeme,Jotdog,0.07344200350282018,0.07269730944796106,0.0,1,0.0693158468136748,0.07012535683256796,0.06911177912925959,0.06974404589521879,0.07099416656323694,1.0,1,0,0,0,0,0,0,0,0,0,0,0,"I have climbed the highest mountains I have run through the fields Only to be with you Only to be with you I have run, I have crawled I have scaled these city walls These city walls Only to be with you But I still haven't found what I'm looking for But I still haven't found what I'm looking for I have kissed honey lips Felt the healing in her finger tips It burned like fire This burning desire I have spoke with the tongue of angels I have held the hand of a devil It was warm in the night I was cold as a stone But I still haven't found what I'm looking for But I still haven't found what I'm looking for I believe in the Kingdom Come Then all the colours will bleed into one Bleed into one But yes, I'm still running You broke the bonds And you loosed the chains Carried the cross of my shame Oh my shame, you know I believe it But I still haven't found what I'm looking for But I still haven't found what I'm looking for But I still haven't found what I'm looking for But I still haven't found what I'm looking for",0.9999995314080707
1vZEnDUseI4y5aAyTHwOdc,I Need Your Help,Deitrick Haddon,0.04666293071634571,0.047011467545070615,0.0,1,0.0434557084865301,0.04395664475212883,0.04327330822956961,0.04427101130352776,0.04476989735248693,1.0,0,1,0,0,0,0,0,0,0,0,0,0,NA I've been looking so long at these pictures of you That I almost believe that they're real I've been living so long with my pictures of you That I almost believe that the pictures are All I can feel Remembering you Standing quiet in the rain As I ran to your heart to be near And we kissed as the sky fell in Holding you close How I always held close in your fear Remembering you Running soft through the night You were bigger and brighter and wider than snow And screamed at the make-believe Screamed at the sky And you finally found all your courage To let it all go Remembering you Fallen into my arms Crying for the death of your heart You were stone white So delicate Lost in the cold You were always so lost in the dark Remembering you How you used to be Slow drowned You were angels So much more than everything Hold for the last time then slip away quietly Open my eyes But I never see anything If only I'd thought of the right words I could have held on to your heart If only I'd thought of the right words I wouldn't be breaking apart All my pictures of you Looking so long at these pictures of you But I never hold on to your heart Looking so long for the words to be true But always just breaking apart My pictures of you There was nothing in the world That I ever wanted more Than to feel you deep in my heart There was nothing in the world That I ever wanted more Than to never feel the breaking apart All my pictures of you,0.9999995266938027
5SDmwAmdAtDG9kyGniVBKN,Seigfried,Frank Ocean,0.06299801893022232,0.06278890600924499,0.0,0,0.061614571868809156,0.06675104556460489,0.06138701298701298,0.06194144838212635,0.06338322694254897,0.9999999999999999,0,0,0,0,1,0,0,0,0,0,0,0,,0.9999995164999669
4eucKRPayKSzwxaOOGfhye,Overexposed,Matt and Kim,0.06383796348367261,0.06586248266036815,0.0,1,0.058411127357252644,0.05804568290031117,0.05803622652120121,0.06101675851985153,0.06150414276609305,0.9999999999999999,1,0,0,0,0,0,0,0,0,0,0,0,,0.9999995111860296
1SN1vSPsr4V4tIUTR3s8YW,Fast Car,Jonas Blue,0.06048969029411278,0.05971003433803893,0.0,1,0.05538792030920825,0.05880596519748521,0.05491597962941461,0.0575037738665959,0.05946120796907919,1.0000000000000002,0,0,0,0,0,0,0,0,0,1,0,0,"See any angels in the city See any angels in the city See any angels in the city Tell them mothafuckas I'm forever paid California king, wrestle gators in the Everglades Drive up out that mothafuckin' swamp in the Escalade So before you put that red rag in your pocket I wanna see your fuckin' résuméStarted off on Ground Zero, then I start to levitate Rip rappers a new asshole – I never hesitate Dre Beats on, smokin' that chronic just to meditate I'ma give 'em hurricanes until another levee break You niggas is featherweights, I'm Aftermath's heavyweight Now Dre's weapon of mass destruction is 'bout to detonate When a nigga Wack found me, shit, I was sellin' weight Now a nigga's sellin' millions, now it's time to celebrate Performin' in front of millions, nigga, every race 64 in the '64, now watch the Chevy scrape Fourth album, no five mics? Then let 'em hate!But I'm not stoppin' till I'm the fuckin' king in every state Recognize my life, ridicule my fight Give me fuel for the fire burnin' when I yearn these lights In the midst of the hieroglyphs my fingertips start to write Get familiar with Cartwright, ‘cause I want that shot I'm a raging bull when the needle drops For the record, I'ma wreck it, even if my record don't pop I'ma tie a knot on a downtown buildin' Let it tow behind me, tell 'em they can find me In the dark with the ghetto children Look at my heart, nigga, fuck your feelings, this is me I'm sick of mothafuckas talkin' about ""the West died"" Can't you hear my heart beatin'? That's the motherfuckin' Westside You test me, you test God, I'm His son It say in Psalms, you come at me Then I can split you with this Tommy gun You won't have no time to run I'm from the Compton slums, and that's how the West ride I'm from the city where two of the best died Rest in peace to both of 'em, spit like I'm the ghost of 'em Damn, I said I spit like I'm the ghost of 'em Name your top 10, I'm harder than the most of 'em Matter of fact, shorten your list, nigga, top 5Game, Biggie, Hov… probably Pac, Nas No particular order, bet a mill' that I slaughter Serve niggas, give a fuck what you ordered How dare you niggas pop fly, when I'm the nigga? Sold 5 mill' out the gate, and numbers do not lie Recognize my life, ridicule my fight Give me fuel for the fire burnin' when I yearn these lights In the midst of the hieroglyphs my fingertips start to write Get familiar with Cartwright, ‘cause I want that shot I'm a raging bull when the needle drops For the record, I'ma wreck it, even if my record don't pop I'ma tie a knot on a downtown buildin' Let it tow behind me, tell 'em they can find me In the dark with the ghetto children Look at my heart, nigga, fuck your feelings, this is me I gave you The Documentary, shit was a classic Gave you Doctor's Advocate, you ripped it out the package Came with LAX, since critics said it was average I was stressed the fuck out, torn between Aftermath and Geffen, Interscope, now I got you in the scope Spill the red ink on the paper, it's like my pen is broke And this is what you all been waitin' for I'm the lost angel knockin' on Satan's door What the fuck y'all take me for? I love you ‘cause you hate me more I'm Kobe on the Lakers floor, except I give you 84 Shake you like Haiti's floor Walk up on you, like, ""What's goin' on, baby boy?"" Shots in that Mercedes door Either I'm crazy or the black Slim Shady or Could that be the reason that Baby said he would pay me more? But I still owe Jimmy one more album The best the West has ever seen, no disrespect to Calvin Recognize my life, ridicule my fight Give me fuel for the fire burnin' when I yearn these lights In the midst of the hieroglyphs my fingertips start to write Get familiar with Cartwright, ‘cause I want that shot I'm a raging bull when the needle drops For the record, I'ma wreck it, even if my record don't pop I'ma tie a knot on a downtown buildin' Let it tow behind me, tell 'em they can find me In the dark with the ghetto children Look at my heart, nigga, fuck your feelings, this is me Kendrick, and I wear pendant on my shoulder Soldier, like a lieutenant And the coupe tinted, got pulled over Johnny always lock a nigga down, knowin' damn well We don't wanna see the box like Manny Pacquiao Little nigga Mayweather size Ride like Pac in his prime; Thug Life is now on radar'Til the federal come through and raid ours Reminiscin' when the L.A. Raiders Was in my home, snapback fitted on my uncle's dome And I don't condone dickridin' I'm addicted to Westsidin'Livin' in a city where the skinny niggas die And the semi bullets fly, but it turned me to a lion Tryin'… and I mean that shit Game came through, put the city on his back I was in the city with a nigga, had seen that shit ""Compton!"" – a nigga gotta scream that shit Never went commercial, never TV-screened that shit Can't block or screen that shit Now everybody sing that shit! Red is a very emotionally and intense color. It enhances human metabolism, increases respiration rate, and raises blood pressure. It has a very high visibility, which is why stop signs, stop lights, and fire equipments are usually painted red. It also represents one third of California's gang population. Needless to say, please dress accordingly while visiting the Los Angeles area. Also, tuck your jewellry, and keep your hands inside your vehicle. Thank you! Enjoy it!",0.9999994947273283
1fQaoh3imrMunWVZh5kf90,Shepherd of Fire,Avenged Sevenfold,0.06085744624369525,0.06329085921599858,0.0,1,0.05703108869421585,0.056612482671150044,0.05706279680264283,0.05727959177653895,0.05816594401675368,1.0,0,0,1,0,0,0,0,0,0,0,0,0,"Grace, she takes the blame She covers the shame Removes the stain It could be her name Grace, it's the name for a girl It's also a thought that changed the world And when she walks on the street You can hear the strings Grace finds goodness in everything Grace, she's got the walk Not on a ramp or on chalk She's got the time to talk She travels outside of karma She travels outside of karma When she goes to work You can hear her strings Grace finds beauty in everything Grace, she carries a world on her hips No champagne flute for her lips No twirls or skips between her fingertips She carries a pearl in perfect condition What once was hurt What once was friction What left a mark No longer stings Because Grace makes beauty Out of ugly things Grace makes beauty out of ugly things",0.9999994821806637
77CCfbJgFZvKYpL2GY6XN9,Can You Hear Me,Korn,0.037829742004058364,0.04071246819338422,0.0,1,0.0336232164138242,0.033266628015589265,0.033453312719425386,0.03476181273553,0.03694398814700293,0.9999999999999999,0,0,1,0,0,0,0,0,0,0,0,0,"Let me hold you for the last time It's the last chance to feel again But you broke me, now I can't feel anything When I love you, it's so untrue I can't even convince myself When I'm speaking it's the voice of someone else Oh, it tears me up I tried to hold on but it hurts too much I tried to forgive but it's not enough To make it all okay You can't play on broken strings You can't feel anything That your heart don't want to feel I can't tell you something that ain't real Oh, the truth hurts and lies worse How can I give anymore When I love you a little less than before? Oh, what are we doing? We are turning into dust Playing house in the ruins of us Running back through the fire When there's nothing left to save It's like chasing the very last train When it's too late, too late Oh, it tears me up I tried to hold on but it hurts too much I tried to forgive but it's not enough To make it all okay You can't play on broken strings You can't feel anything That your heart don't want to feel I can't tell you something that ain't real Oh, the truth hurts and lies worse How can I give anymore? When I love you a little less than before? But we're running through the fire When there's nothing left to save It's like chasing the very last train When we both know it's too late, too late You can't play on broken strings You can't feel anything That your heart don't want to feel I can't tell you something that ain't real Oh, the truth hurts and lies worse So how can I give anymore When I love you a little less than before? Oh, you know that I love you a little less than before Let me hold you for the last time It's the last chance to feel again",0.9999994344716667
3UNuVVGosJLfLCsWHEhr5U,Sorry,Aquilo,0.0613951861255254,0.06126267471629307,0.0,1,0.05997466381855477,0.06336165543853325,0.05969904008735152,0.06038279895899037,0.060605418126500686,0.9999999999999999,0,0,1,0,0,0,0,0,0,0,0,0,"Could you tell where my head was at when you found me? Me and you went to hell and back just to find peace Man, I thought I had everything, I was lonely Now you're my everything, I was lonely I mixed a lot of love with a lot of drugs, then I found you She liked petty crimes, she had green eyes like Mountain Dew And where she go, I'll never know, her friends bounced too I guess it's their loss 'cause they'll never know what we'll amount to Would you be my light, be my yellow? P.Y.T. walking down Portobello Put a smile on this face at the end of the day MDMA helped us fly away Who'd have known, who'd have known you would save my life? Who'd have known, who'd have known you would fly my kite? Could you tell, could you tell? Could you tell, could you tell? Could you tell where my head was at when you found me? Me and you went to hell and back just to find peace Man, I thought I had everything, I was lonely Now you're my everything, I was lonely Yeah-eah-eah-eah Yeah-eah-eah-eah Yeah-eah-eah-eah, yeah Yeah-eah-eah-eah I remember, I remember, I was all alone Late night you would call my phone Just to check if I was blessed 'cause you knew I was low Head gone, rollin' off the throne I remember, I remember, we was in the park Late night, made love on the grass Got my head in the clouds, countin' all my stars In my ears, said the world was ours Went to hell and back just to heal my wounds 'Cause it gets like that, wrong side of the moon No Tutankhamun, you're my Cleopatra No side thing, don't need a backup Need a real one, don't need an actor I lost once they think you won a BAFTA Come and be my girl, yeah Could you tell where my head was at when you found me? Me and you went to hell and back just to find peace Man, I thought I had everything, I was lonely Now you're my everything, I was lonely Yeah-eah-eah-eah (Just like we say) Yeah-eah-eah-eah (Just like we say) Yeah-eah-eah-eah, yeah (Just like we say) Yeah-eah-eah-eah",0.9999994189221216
2qIOlORAibicgvcVBv992k,Still Swingin',Papa Roach,0.04735820751730687,0.04954651178794093,0.0,1,0.04382939484441019,0.043436642398051166,0.04343680067163049,0.044385416810030415,0.048108286654096534,1.0,0,1,0,0,0,0,0,0,0,0,0,0,Drop! Drop! Drop! Drop! Drop!,0.9999994078389955
5KcZcZOfq0Kwpa6fhiaGZu,Wild Side,Cross My Heart Hope To Die,0.0292374040729111,0.031888835324621174,0.0,1,0.026849813031752025,0.0264748342041146,0.02641662076064155,0.027934489452906146,0.028768354809709316,1.0,0,0,0,0,1,0,0,0,0,0,0,0,"I heard sirens in my head From the first time that we met Thought it was a false alarm Yeah, we started as a spark Didn't think we'd come this far But here we are, oh I'm dancing in flames I'm dancing in flames I ain't scared of the blaze Don't rescue me And now I'm burning in your arms Endless fire in my heart No, it's not a false alarm No, it's not a false alarm But here we are I never get my hopes up Cause then I'll never get let down But you were something special I didn't notice until now I heard sirens in my head From the first time that we met Thought it was a false alarm Yeah, we started as a spark Didn't think we'd come this far But here we are, oh I'm dancing in flames I'm dancing in flames I ain't scared of the blaze Don't rescue me And now I'm burning in your arms Endless fire in my heart No, it's not a false alarm No, it's not a false alarm No, it's not a false alarm No, no No, it's not a false alarm No, no No, it's not a false alarm Maybe I'm too careful Didn't trust the signs Didn't wanna jump Too scared of the height And now I'm burning in your arms Endless fire in my heart No, it's not a false alarm No, it's not a false alarm Oh, no, it's not a false alarm No, no No, it's not a false alarm No, it's not a false alarm No, it's not a false alarm",0.9999994037250393
6y67LQI1ClG9nJlvpEuqUt,Find Our Way,Midnight Kids,0.049629439054550896,0.05029337803855827,0.0,1,0.045435004523084334,0.047479936593827037,0.04518934709900161,0.04599105342219051,0.04831815956113634,1.0000000000000002,0,0,0,0,0,0,0,0,0,0,0,1,"Hey It's the greatest show on earth, man Shawty L-O, man Bigger than Ringling Bros Bring your top hat Hey L-O, L-O, they know, they know L-O, L-O, they know, they know L-O, L-O, they know, they know L-O, L-O, they know, they know Shawty Lo, I got flavor Lets you know the kid got paper Like 40, don't save her Bankhead, been pulling capers The way you drop would have thought I had a taser Call me street like a razor Shawty Lo, ATL, I'm the mayor Street nigga, but my gear be tailor Every day and then, shawty might rock gators Millionaire plus I got acres Yeah, no more nosy-ass neighbors Big ups to all my haters L-O, L-O, they know, they know L-O, L-O, they know, they know L-O, L-O, they know, they know Rep where you from if you get, get, get it I'm the man and they know that I got cash, I'm talking throwback A hundred grand, what's that? I hit club and I blow that All these hoes know Lo that I'm picture perfect, made for Kodak Let's talk money, I got plenty Dope boys let's get, get, get it L-O, L-O, they know, they know L-O, L-O, they know, they know L-O, L-O, they know, they know Rep where you from, if you get, get, get it L-O, L-O, they know, they know L-O, L-O, they know, they know L-O, L-O, they know, they know Rep where you from, if you get, get, get it Hey, hey, hey, hey, how you doing? It's L-OYou said they see three, I'm the one in the middle And I don't need this beat, I could rock it acapello Pop one, pop two, all I needed was some skittles Yeah, now I'm geeked Screaming, ""Yes, sir"", just like GA-Town fitted, who but me L-O, she know, he know, they know, I am L-O, L-O, they know, they know L-O, L-O, they know, they know L-O, L-O, they know, they know Rep where you from, if you get, get, get it They know, they know They know, they know They know, they know",0.9999994010085519
3t0J8vI9StQD8KIBkT2Cp5,Tired - Kygo Remix,Alan Walker,0.06082871413778401,0.0619099104586709,0.0,1,0.0567963087043918,0.05647347261984529,0.05627550709630262,0.05695696534080527,0.0588795151367485,1.0,0,0,1,0,0,0,0,0,0,0,0,0,"Hot and dangerous If you're one of us, then roll with us 'Cause we make the hipsters fall in love When we've got our hot-pants on and up And yes, of course we does We're running this town just like a club And no, you don't wanna mess with us Got Jesus on my necklace Got that glitter on my eyes Stockings ripped all up the side Looking sick and sexy-fied So let's go, oh-oh Let's go! Tonight we're going hard Just like the world is ours We're tearing it apart You know we're superstars We are who we are We're dancing like we're dumb Our bodies go numb We'll be forever young You know we're superstars We are who we are DJ, turn it up It's about damn time to live it up I'm so sick of being so serious It's making my brain delirious I'm just talking truth I'm telling you 'bout the shit we do We're selling our clothes, sleeping in cars Dressing it down, hitting on dudes Hard Got that glitter on my eyes Stockings ripped all up the side Looking sick and sexy-fied So let's go, oh-oh Let's go! Tonight we're going hard Just like the world is ours We're tearing it apart You know we're superstars We are who we are We're dancing like we're dumb Our bodies go numb We'll be forever young You know we're superstars We are who we are DJ, turn it up DJ, turn it up DJ, turn it up DJ, turn it up Tonight we're going hard Just like the world is ours We're tearing it apart You know we're superstars We are who we are We're dancing like we're dumb Our bodies go numb We'll be forever young You know we're superstars We are who we are",0.9999993865791272
